id,first_name,last_name,email,gender,city,car_make,car_year,car_value,car_color
1,Maury,Truwert,mtruwert0@wp.com,Male,C_07,E,2011,55952,Puce
2,Willy,Gerber,wgerber1@twitter.com,Male,C_06,D,2007,68971,Teal
3,Joana,Otson,jotson2@bigcartel.com,Female,C_03,J,1975,64694,Maroon
4,Nerty,Shurville,nshurville3@sogou.com,Female,C_03,H,2002,61366,Indigo
5,Dom,McCool,dmccool4@com.com,Male,C_02,B,2004,70309,Turquoise
6,Peyter,Champney,pchampney5@geocities.jp,Male,C_02,J,2009,73418,Turquoise
7,Janene,Jentle,jjentle6@hud.gov,Female,C_02,J,2007,62980,Khaki
8,Austine,Chrichton,achrichton7@sourceforge.net,Female,C_01,J,2009,20683,Orange
9,Prudi,Laughton,plaughton8@jiathis.com,Female,C_05,A,2004,19738,Maroon
10,Uta,Whitloe,uwhitloe9@hao123.com,Female,C_01,D,1983,60406,Khaki
11,Joyann,Bassom,jbassoma@hexun.com,Female,C_06,D,2005,35959,Fuscia
12,Malissa,Erwin,merwinb@dagondesign.com,Female,C_02,F,1998,75225,Green
13,Sheffield,Powder,spowderc@dedecms.com,Male,C_03,F,2007,34431,Crimson
14,Sabra,Gianelli,sgianellid@newsvine.com,Female,C_02,B,1998,56490,Green
15,Winne,Vargas,wvargase@dailymail.co.uk,Female,C_01,G,2008,34943,Khaki
16,Auguste,Doerr,adoerrf@patch.com,Female,C_06,F,1998,34283,Fuscia
17,Georgine,Mollon,gmollong@github.io,Female,C_03,A,2012,43762,Goldenrod
18,Paton,Jobson,pjobsonh@wordpress.org,Male,C_06,E,2012,60027,Blue
19,Mareah,Arghent,marghenti@gov.uk,Female,C_03,F,1992,59068,Teal
20,Borg,Magnay,bmagnayj@acquirethisname.com,Male,C_06,G,1999,53400,Orange
21,Shana,Denver,sdenverk@webs.com,Female,C_07,H,2000,50327,Purple
22,Merle,Bragger,mbraggerl@nydailynews.com,Male,C_07,F,2006,34886,Purple
23,Allyn,Strothers,astrothersm@state.gov,Male,C_04,F,1990,51086,Green
24,Bayard,Everwin,beverwinn@nasa.gov,Male,C_02,C,2010,18039,Yellow
25,Connie,Janczak,cjanczako@un.org,Male,C_04,D,1996,53008,Puce
26,Lynnea,Hawtry,lhawtryp@devhub.com,Female,C_06,A,2005,23710,Indigo
27,Derron,Norsister,dnorsisterq@usnews.com,Male,C_03,J,1998,69917,Blue
28,Kerrie,Wheatcroft,kwheatcroftr@spiegel.de,Female,C_05,B,2007,33600,Crimson
29,Hort,Gullick,hgullicks@umn.edu,Male,C_04,A,1999,38812,Mauv
30,Wald,Mounce,wmouncet@yahoo.com,Male,C_03,J,2001,60045,Blue
31,Brigg,Dummett,bdummettu@nifty.com,Male,C_02,A,1986,32143,Violet
32,Sasha,Schulze,sschulzev@aol.com,Male,C_04,B,2011,35531,Pink
33,Ardys,McWhinnie,amcwhinniew@ow.ly,Female,C_06,F,2002,31190,Violet
34,Lyn,Aldersea,lalderseax@comcast.net,Female,C_04,H,2004,78167,Maroon
35,Dudley,Whyley,dwhyleyy@opera.com,Male,C_06,A,2000,48667,Yellow
36,Lanita,Martignoni,lmartignoniz@reuters.com,Female,C_07,E,1994,15618,Maroon
37,Orren,MacGregor,omacgregor10@soundcloud.com,Male,C_05,C,2008,58375,Teal
38,Howard,Dranfield,hdranfield11@usnews.com,Male,C_06,G,2004,44543,Khaki
39,Carley,Cawcutt,ccawcutt12@bing.com,Female,C_03,E,1992,41815,Orange
40,Benton,Grimbaldeston,bgrimbaldeston13@bing.com,Male,C_06,D,1989,58175,Khaki
41,Mireielle,Peasee,mpeasee14@state.tx.us,Female,C_03,C,2005,37714,Purple
42,Bengt,Olivas,bolivas15@usatoday.com,Male,C_05,A,2002,57028,Khaki
43,Mireille,Runcieman,mruncieman16@usatoday.com,Female,C_04,H,1977,20310,Indigo
44,Gayle,Worham,gworham17@msu.edu,Male,C_04,I,2002,77013,Aquamarine
45,Fraze,Muckle,fmuckle18@cargocollective.com,Male,C_01,H,2001,18581,Mauv
46,Wally,Bydaway,wbydaway19@netvibes.com,Male,C_05,H,1996,38349,Goldenrod
47,Uriah,Moyles,umoyles1a@mashable.com,Male,C_02,F,2002,51064,Violet
48,Normy,Alabaster,nalabaster1b@bing.com,Male,C_04,C,1994,69294,Fuscia
49,Wally,Stratten,wstratten1c@g.co,Male,C_06,F,1985,72583,Yellow
50,Robinia,Ashpole,rashpole1d@ameblo.jp,Female,C_07,H,2004,38777,Khaki
51,Fidel,Normanville,fnormanville1e@typepad.com,Male,C_07,E,1999,34473,Indigo
52,Drusy,Corder,dcorder1f@yellowbook.com,Female,C_07,A,1985,28110,Turquoise
53,Ari,Dameisele,adameisele1g@prnewswire.com,Male,C_05,G,2007,72152,Violet
54,Jennette,Wignall,jwignall1h@time.com,Female,C_02,G,1993,45227,Yellow
55,Dwain,Breyt,dbreyt1i@twitpic.com,Male,C_02,F,2005,55879,Khaki
56,Donnamarie,Beese,dbeese1j@yellowbook.com,Female,C_05,C,1992,65708,Aquamarine
57,Nickey,Frotton,nfrotton1k@facebook.com,Male,C_06,A,2005,37497,Mauv
58,Anna-diana,Gahan,agahan1l@umn.edu,Female,C_02,E,1994,59419,Green
59,Nelle,Moakler,nmoakler1m@wordpress.org,Female,C_04,B,2006,66817,Khaki
60,Hetty,Franzman,hfranzman1n@go.com,Female,C_04,A,1985,44731,Orange
61,Philomena,Messingham,pmessingham1o@amazon.co.jp,Female,C_06,D,2007,67215,Blue
62,Misti,Beeken,mbeeken1p@moonfruit.com,Female,C_01,H,2012,46816,Khaki
63,Christa,Isherwood,cisherwood1q@zimbio.com,Female,C_01,J,1994,49659,Goldenrod
64,Esra,Taylour,etaylour1r@wsj.com,Male,C_06,J,1999,46141,Pink
65,Dulci,Croan,dcroan1s@google.co.uk,Female,C_06,D,2008,47915,Violet
66,Blake,Senecaut,bsenecaut1t@dedecms.com,Male,C_06,H,2005,52832,Blue
67,Judie,Mapson,jmapson1u@epa.gov,Female,C_02,B,2009,22010,Indigo
68,Aile,Abby,aabby1v@nhs.uk,Female,C_02,J,2010,60500,Mauv
69,Adi,Robertucci,arobertucci1w@mit.edu,Female,C_02,D,2004,71221,Green
70,Forrest,Proppers,fproppers1x@hexun.com,Male,C_03,G,1986,60481,Maroon
71,Cher,Woolis,cwoolis1y@t.co,Female,C_01,I,2008,64238,Mauv
72,Carolee,Haulkham,chaulkham1z@time.com,Female,C_03,F,2006,27272,Teal
73,Nikola,Bengall,nbengall20@a8.net,Male,C_01,C,2008,77624,Turquoise
74,Adela,Robathon,arobathon21@free.fr,Female,C_01,G,1995,38749,Goldenrod
75,Gunter,Maycey,gmaycey22@deliciousdays.com,Male,C_01,I,2009,68723,Red
76,Colleen,O'Sheeryne,cosheeryne23@cbsnews.com,Female,C_03,I,2001,28363,Fuscia
77,Dinah,Bittlestone,dbittlestone24@google.cn,Female,C_01,G,1997,15048,Purple
78,Noland,Derrington,nderrington25@mozilla.com,Male,C_03,I,2013,33846,Fuscia
79,Bevan,Dellit,bdellit26@slashdot.org,Male,C_02,H,1998,77791,Blue
80,Veronica,Beddin,vbeddin27@hao123.com,Female,C_07,J,2006,78257,Puce
81,Krystalle,Striker,kstriker28@zimbio.com,Female,C_03,F,2008,45893,Violet
82,Morgana,Dach,mdach29@opensource.org,Female,C_01,H,1997,21529,Aquamarine
83,Maurise,Whitbread,mwhitbread2a@cnet.com,Female,C_06,F,1995,55791,Mauv
84,Basia,Hayler,bhayler2b@nbcnews.com,Female,C_03,D,2011,46337,Yellow
85,Fionna,Rochford,frochford2c@jugem.jp,Female,C_06,C,2007,32601,Puce
86,Enrika,Cassin,ecassin2d@senate.gov,Female,C_01,H,2005,75469,Puce
87,Blanca,Easey,beasey2e@skype.com,Female,C_06,H,1992,20128,Purple
88,Rebeka,Rayhill,rrayhill2f@jiathis.com,Female,C_01,H,2009,53618,Indigo
89,Philipa,Rama,prama2g@businesswire.com,Female,C_02,F,2003,22462,Khaki
90,Ileana,Levecque,ilevecque2h@weebly.com,Female,C_03,F,2004,43605,Purple
91,Devon,Artist,dartist2i@google.com.br,Female,C_03,H,1995,65428,Pink
92,Jacintha,Sifleet,jsifleet2j@dion.ne.jp,Female,C_07,F,2005,62740,Khaki
93,Lewie,Renak,lrenak2k@dagondesign.com,Male,C_04,I,1999,63142,Turquoise
94,Ingrim,Rosengren,irosengren2l@ustream.tv,Male,C_02,H,2001,38362,Puce
95,Roman,Caherny,rcaherny2m@imgur.com,Male,C_02,A,1991,35513,Turquoise
96,Mill,Fearneley,mfearneley2n@tuttocitta.it,Male,C_04,D,2007,26997,Pink
97,Krystalle,Di Maria,kdimaria2o@hud.gov,Female,C_04,D,2004,70941,Aquamarine
98,Koressa,Arman,karman2p@hexun.com,Female,C_07,C,2004,47385,Maroon
99,Glenine,Cavil,gcavil2q@mozilla.org,Female,C_02,I,1992,37129,Maroon
100,Cameron,Palphreyman,cpalphreyman2r@addtoany.com,Male,C_05,F,1999,47876,Purple
101,Nonnah,Abbott,nabbott2s@topsy.com,Female,C_02,A,2006,67824,Aquamarine
102,Everard,Unstead,eunstead2t@nhs.uk,Male,C_04,G,2005,78971,Violet
103,Clarence,Tiffney,ctiffney2u@japanpost.jp,Male,C_06,G,1999,20005,Puce
104,Max,Corradi,mcorradi2v@apache.org,Male,C_03,D,2001,33338,Indigo
105,Naoma,Wilkowski,nwilkowski2w@ning.com,Female,C_02,B,1995,42711,Blue
106,Jocelyne,Huegett,jhuegett2x@desdev.cn,Female,C_07,A,2006,57105,Turquoise
107,Maxwell,Acory,macory2y@etsy.com,Male,C_06,H,2003,56659,Indigo
108,Cobbie,Flewett,cflewett2z@wikispaces.com,Male,C_04,C,1994,58437,Goldenrod
109,Remus,Hegg,rhegg30@pbs.org,Male,C_02,I,2011,67123,Indigo
110,Ronnie,Moles,rmoles31@wp.com,Female,C_05,F,1989,28227,Yellow
111,Lelah,Casale,lcasale32@e-recht24.de,Female,C_07,A,2006,33887,Orange
112,Bond,Kerss,bkerss33@noaa.gov,Male,C_02,H,1993,36504,Red
113,Eilis,Ram,eram34@behance.net,Female,C_03,F,2004,68958,Purple
114,Katha,Curgenven,kcurgenven35@cloudflare.com,Female,C_04,B,1996,32102,Violet
115,Arlie,Caw,acaw36@xrea.com,Female,C_03,A,1992,49241,Green
116,Yolane,Hackworth,yhackworth37@dropbox.com,Female,C_05,C,2002,25778,Mauv
117,Elsinore,Schulkins,eschulkins38@ocn.ne.jp,Female,C_01,E,2002,41836,Orange
118,Cly,Chalk,cchalk39@forbes.com,Male,C_03,A,2004,41576,Blue
119,Dianemarie,Worham,dworham3a@gnu.org,Female,C_06,F,2007,21862,Purple
120,Julieta,Sadgrove,jsadgrove3b@csmonitor.com,Female,C_04,B,2007,58562,Fuscia
121,Alexandra,Harmes,aharmes3c@csmonitor.com,Female,C_06,F,1999,77879,Mauv
122,Bing,Grishunin,bgrishunin3d@noaa.gov,Male,C_03,D,1995,16823,Aquamarine
123,Stinky,Baigent,sbaigent3e@statcounter.com,Male,C_05,H,2011,42276,Crimson
124,Orelle,Penylton,openylton3f@facebook.com,Female,C_01,E,1993,36636,Orange
125,Gretel,Tyres,gtyres3g@whitehouse.gov,Female,C_06,I,2009,44183,Fuscia
126,Philipa,Beatey,pbeatey3h@amazon.de,Female,C_01,J,2007,28021,Orange
127,Eartha,Feldmus,efeldmus3i@linkedin.com,Female,C_02,F,2009,56943,Goldenrod
128,Amalia,La Vigne,alavigne3j@hao123.com,Female,C_06,B,1992,54145,Maroon
129,Reyna,Ferreira,rferreira3k@geocities.jp,Female,C_06,J,2012,29104,Violet
130,Hillier,Belverstone,hbelverstone3l@acquirethisname.com,Male,C_02,C,2002,79680,Pink
131,Niko,Genge,ngenge3m@artisteer.com,Male,C_05,C,2007,70988,Goldenrod
132,Maurise,Knaggs,mknaggs3n@jugem.jp,Female,C_02,J,2007,74529,Yellow
133,Kelby,Fenby,kfenby3o@histats.com,Male,C_03,I,2002,21985,Green
134,Lurline,Needs,lneeds3p@reference.com,Female,C_04,J,2007,78601,Mauv
135,Remy,Nolte,rnolte3q@vistaprint.com,Female,C_07,J,2001,25538,Orange
136,Conway,Whitmell,cwhitmell3r@over-blog.com,Male,C_01,J,1995,29004,Pink
137,Lin,Cahan,lcahan3s@drupal.org,Male,C_05,F,1994,46767,Indigo
138,Teddie,Bacher,tbacher3t@businesswire.com,Female,C_04,D,1984,45759,Green
139,Sybila,Agott,sagott3u@storify.com,Female,C_07,J,1992,50623,Orange
140,Dinah,Dries,ddries3v@berkeley.edu,Female,C_01,A,2001,15798,Purple
141,Cris,Sherrett,csherrett3w@cbslocal.com,Male,C_01,I,2009,58744,Maroon
142,Editha,Felce,efelce3x@soup.io,Female,C_06,J,1988,50153,Indigo
143,Suki,Auchterlonie,sauchterlonie3y@tmall.com,Female,C_07,G,2010,69079,Crimson
144,Irving,Hitzmann,ihitzmann3z@eventbrite.com,Male,C_02,G,2003,16769,Violet
145,Casey,Sproule,csproule40@cbsnews.com,Female,C_04,F,2005,22606,Purple
146,Mayor,Langrick,mlangrick41@cafepress.com,Male,C_07,E,1999,19881,Mauv
147,Milt,Redington,mredington42@intel.com,Male,C_07,F,2010,23962,Maroon
148,Hana,Signe,hsigne43@multiply.com,Female,C_03,F,2006,51299,Goldenrod
149,Aurelie,Sexty,asexty44@craigslist.org,Female,C_04,G,2006,77879,Indigo
150,Jaquelin,Duddy,jduddy45@nytimes.com,Female,C_07,H,2005,71552,Goldenrod
151,Nat,Tomadoni,ntomadoni46@seesaa.net,Male,C_03,C,1996,49455,Orange
152,Parry,Giraudy,pgiraudy47@ibm.com,Male,C_07,C,1986,42156,Red
153,Irene,Alejo,ialejo48@businessinsider.com,Female,C_03,F,2008,61237,Orange
154,Ron,Cunde,rcunde49@ycombinator.com,Male,C_04,D,1998,59328,Maroon
155,Collie,Shackle,cshackle4a@blog.com,Female,C_06,D,2008,51600,Purple
156,Dawn,Girardot,dgirardot4b@ox.ac.uk,Female,C_01,I,2010,79669,Goldenrod
157,Bobbee,Powell,bpowell4c@springer.com,Female,C_06,J,1987,27317,Khaki
158,Garvin,Stealfox,gstealfox4d@cdbaby.com,Male,C_04,H,2012,79467,Purple
159,Marchall,Minot,mminot4e@arstechnica.com,Male,C_04,G,1992,63756,Teal
160,Emmit,Dunn,edunn4f@t.co,Male,C_01,A,2006,51950,Mauv
161,Maritsa,Danniell,mdanniell4g@twitter.com,Female,C_01,G,2007,67793,Aquamarine
162,Marta,Gerhartz,mgerhartz4h@163.com,Female,C_05,F,1993,46932,Green
163,Barb,Swinnard,bswinnard4i@artisteer.com,Female,C_06,B,2009,63089,Maroon
164,Field,Mergue,fmergue4j@yolasite.com,Male,C_02,B,2007,23089,Goldenrod
165,Bellina,Giacomini,bgiacomini4k@cnet.com,Female,C_01,B,2005,62348,Crimson
166,Von,Laird-Craig,vlairdcraig4l@salon.com,Male,C_05,G,2013,29640,Indigo
167,Bobbie,Bleas,bbleas4m@hud.gov,Male,C_03,I,2008,22815,Green
168,Homere,Rigmand,hrigmand4n@phoca.cz,Male,C_03,C,1997,56466,Green
169,Peri,Gilhoolie,pgilhoolie4o@opera.com,Female,C_05,J,2010,42378,Goldenrod
170,Katrina,Ethelstone,kethelstone4p@independent.co.uk,Female,C_02,J,2011,27783,Mauv
171,Davide,Dorey,ddorey4q@twitpic.com,Male,C_03,E,1990,68740,Khaki
172,Barthel,Braunle,bbraunle4r@spiegel.de,Male,C_05,I,2009,30936,Orange
173,Gus,Gatenby,ggatenby4s@baidu.com,Female,C_02,J,1998,17480,Teal
174,Willey,O'Neary,woneary4t@tripod.com,Male,C_04,G,1992,15082,Maroon
175,Breanne,Battson,bbattson4u@hostgator.com,Female,C_07,B,2010,77087,Orange
176,Silvester,Taleworth,staleworth4v@patch.com,Male,C_07,A,1998,55367,Goldenrod
177,Benedicta,Leebeter,bleebeter4w@github.com,Female,C_01,J,2009,72673,Teal
178,Skye,Woolnough,swoolnough4x@feedburner.com,Male,C_05,D,1984,68756,Teal
179,Eve,Cawt,ecawt4y@ning.com,Female,C_01,H,2006,29457,Mauv
180,Annette,Lowrie,alowrie4z@marketwatch.com,Female,C_01,E,1980,75863,Violet
181,Reeba,Jouandet,rjouandet50@webeden.co.uk,Female,C_06,A,2008,15399,Teal
182,Bibi,Lieb,blieb51@sphinn.com,Female,C_07,B,2003,26562,Goldenrod
183,Farley,Gamlyn,fgamlyn52@biglobe.ne.jp,Male,C_03,J,1997,77785,Red
184,Lorens,Kopacek,lkopacek53@xing.com,Male,C_07,C,1992,18725,Aquamarine
185,Aimil,Finlater,afinlater54@infoseek.co.jp,Female,C_02,F,1997,36343,Khaki
186,Alanna,Detheridge,adetheridge55@flavors.me,Female,C_01,A,2002,17767,Maroon
187,Skell,O'Hone,sohone56@harvard.edu,Male,C_06,J,2012,22353,Indigo
188,Donavon,Wolstenholme,dwolstenholme57@cisco.com,Male,C_07,J,1992,74371,Blue
189,Pall,Ollier,pollier58@army.mil,Male,C_05,C,2005,65997,Red
190,Vernen,Uren,vuren59@tripadvisor.com,Male,C_07,I,1986,28455,Aquamarine
191,Bobbe,Brumhead,bbrumhead5a@wufoo.com,Female,C_01,H,2000,38722,Indigo
192,Dasya,Abrahim,dabrahim5b@cbsnews.com,Female,C_01,E,1997,40952,Teal
193,Raf,Duffree,rduffree5c@army.mil,Female,C_05,D,2008,17035,Goldenrod
194,Cy,Banham,cbanham5d@blogspot.com,Male,C_04,J,1962,51960,Teal
195,Dud,Mitchelmore,dmitchelmore5e@unicef.org,Male,C_02,A,1997,20804,Crimson
196,Leela,Willans,lwillans5f@chron.com,Female,C_02,F,1996,44246,Maroon
197,Sky,Brehault,sbrehault5g@squidoo.com,Male,C_06,I,1995,55091,Crimson
198,Briny,Mattheus,bmattheus5h@eventbrite.com,Female,C_06,H,1986,18528,Puce
199,Hort,Bleckly,hbleckly5i@macromedia.com,Male,C_06,C,1992,31279,Puce
200,Sig,Kynsey,skynsey5j@nytimes.com,Male,C_04,F,1995,54364,Khaki
201,Gino,Seel,gseel5k@google.nl,Male,C_01,I,1999,36931,Puce
202,Beltran,Adolphine,badolphine5l@blog.com,Male,C_05,D,1998,19602,Yellow
203,Emlen,Cumbes,ecumbes5m@prlog.org,Male,C_03,I,1994,28441,Fuscia
204,Tonya,Habbeshaw,thabbeshaw5n@earthlink.net,Female,C_04,H,2001,47436,Puce
205,Maddie,Heilds,mheilds5o@dailymail.co.uk,Male,C_03,A,1989,54862,Crimson
206,Barby,Stanlike,bstanlike5p@godaddy.com,Female,C_07,I,2009,17416,Violet
207,Cody,Harrower,charrower5q@mayoclinic.com,Female,C_07,F,1992,53684,Yellow
208,Celeste,Macvey,cmacvey5r@go.com,Female,C_02,D,2011,61215,Turquoise
209,Ruthann,Aldersey,raldersey5s@ebay.co.uk,Female,C_06,E,2002,59959,Khaki
210,Demetrius,McCullouch,dmccullouch5t@over-blog.com,Male,C_04,F,1998,58704,Fuscia
211,Samuele,Pinsent,spinsent5u@google.it,Male,C_02,H,1974,34377,Teal
212,Corney,Badger,cbadger5v@ow.ly,Male,C_01,F,1979,62801,Fuscia
213,Bird,Bigland,bbigland5w@flickr.com,Female,C_06,A,2012,41446,Khaki
214,Dewie,Coupe,dcoupe5x@artisteer.com,Male,C_01,B,2007,77124,Green
215,Tabbatha,Carey,tcarey5y@wordpress.org,Female,C_03,E,2011,51772,Mauv
216,Darcy,Tyres,dtyres5z@edublogs.org,Female,C_06,I,2003,26433,Mauv
217,Fleurette,Southerell,fsoutherell60@lulu.com,Female,C_01,G,2005,50218,Aquamarine
218,Augustina,Lagden,alagden61@techcrunch.com,Female,C_04,J,2007,70721,Indigo
219,Ketty,Swayte,kswayte62@xing.com,Female,C_03,A,2012,34609,Red
220,Stephen,Rustan,srustan63@paypal.com,Male,C_03,A,1999,58968,Maroon
221,Oneida,Robardley,orobardley64@geocities.jp,Female,C_05,H,2012,55394,Khaki
222,Cathrin,Llewelly,cllewelly65@spotify.com,Female,C_02,J,2006,62571,Red
223,Stephi,Caldeiro,scaldeiro66@taobao.com,Female,C_06,G,1990,33335,Purple
224,Wolf,Purchase,wpurchase67@prweb.com,Male,C_01,G,2004,61348,Mauv
225,Abigail,Jarrad,ajarrad68@reddit.com,Female,C_06,E,1984,48202,Goldenrod
226,Ambrosius,Eite,aeite69@deviantart.com,Male,C_05,H,2004,23444,Aquamarine
227,Tim,Kitchener,tkitchener6a@desdev.cn,Female,C_05,B,1993,71078,Orange
228,Arron,Jeanequin,ajeanequin6b@studiopress.com,Male,C_02,D,2002,24117,Turquoise
229,Jeremie,Laxston,jlaxston6c@twitter.com,Male,C_07,A,2012,45267,Pink
230,Ainslie,McGenis,amcgenis6d@bbb.org,Female,C_05,C,2011,62962,Yellow
231,Eloisa,Theuff,etheuff6e@edublogs.org,Female,C_06,E,2011,30456,Blue
232,Consuela,Roser,croser6f@yahoo.com,Female,C_04,H,1977,67848,Puce
233,Pearce,Heyworth,pheyworth6g@paginegialle.it,Male,C_06,E,2005,79494,Teal
234,Jemmy,Cosson,jcosson6h@state.tx.us,Female,C_05,G,1995,37347,Crimson
235,Gavin,McCosh,gmccosh6i@sfgate.com,Male,C_05,E,1985,77663,Red
236,Dirk,Simoneau,dsimoneau6j@youtube.com,Male,C_01,I,1986,58701,Turquoise
237,Balduin,Worgen,bworgen6k@sbwire.com,Male,C_05,B,2003,71632,Maroon
238,Cathleen,McCloid,cmccloid6l@booking.com,Female,C_03,H,2009,36422,Khaki
239,Caritta,Reynoollds,creynoollds6m@rambler.ru,Female,C_02,E,1991,35410,Khaki
240,Roderick,Sreenan,rsreenan6n@bandcamp.com,Male,C_06,D,2011,16551,Violet
241,Barr,Matzaitis,bmatzaitis6o@pbs.org,Male,C_04,D,2012,72023,Crimson
242,Tedra,Lindenberg,tlindenberg6p@ted.com,Female,C_01,A,2012,61916,Crimson
243,Ansley,Hardson,ahardson6q@dmoz.org,Female,C_03,F,2012,66678,Aquamarine
244,Rafaelita,Sager,rsager6r@dropbox.com,Female,C_05,I,1993,21048,Fuscia
245,Callean,Rex,crex6s@dell.com,Male,C_07,H,1999,74959,Aquamarine
246,Cymbre,Giovannetti,cgiovannetti6t@mysql.com,Female,C_03,H,1995,20275,Blue
247,Lydon,Willock,lwillock6u@nhs.uk,Male,C_03,A,2009,20614,Mauv
248,Pepe,Ackermann,packermann6v@tmall.com,Male,C_03,E,1998,67637,Violet
249,Eyde,Petkens,epetkens6w@webeden.co.uk,Female,C_05,A,2008,58897,Turquoise
250,Gerrie,Shaxby,gshaxby6x@oakley.com,Female,C_04,E,1970,52641,Red
251,Dom,Creeber,dcreeber6y@mapy.cz,Male,C_05,H,1993,28831,Crimson
252,Earl,Baribal,ebaribal6z@time.com,Male,C_03,F,2003,28018,Crimson
253,Shell,Musico,smusico70@sakura.ne.jp,Female,C_04,E,2009,19605,Pink
254,Huberto,Huxham,hhuxham71@hc360.com,Male,C_01,I,2005,66103,Violet
255,Aloin,Nathan,anathan72@uol.com.br,Male,C_03,E,1994,37582,Red
256,Dalt,Mitchinson,dmitchinson73@mysql.com,Male,C_04,D,1995,74957,Teal
257,Salomon,MacKibbon,smackibbon74@bravesites.com,Male,C_02,D,2008,67909,Puce
258,Nilson,Lyal,nlyal75@quantcast.com,Male,C_04,C,2011,22549,Yellow
259,Keri,Parlet,kparlet76@t.co,Female,C_07,I,2013,76944,Khaki
260,Stan,Beecroft,sbeecroft77@clickbank.net,Male,C_04,G,2005,48540,Turquoise
261,Fayina,Sommerly,fsommerly78@hugedomains.com,Female,C_07,J,2007,32125,Khaki
262,Alistair,Palia,apalia79@utexas.edu,Male,C_05,F,1994,62438,Turquoise
263,Wayne,Martindale,wmartindale7a@fema.gov,Male,C_06,F,1993,19781,Teal
264,Brice,Dobrowolny,bdobrowolny7b@vkontakte.ru,Male,C_07,G,1993,28237,Violet
265,Bertha,Olanda,bolanda7c@howstuffworks.com,Female,C_07,J,1996,60156,Crimson
266,Elsey,Gurton,egurton7d@jimdo.com,Female,C_02,B,1994,31521,Violet
267,Jerald,Paschek,jpaschek7e@phpbb.com,Male,C_03,H,2011,53655,Khaki
268,Lenee,Dagger,ldagger7f@so-net.ne.jp,Female,C_04,H,2010,43777,Green
269,Walton,Gooderick,wgooderick7g@oracle.com,Male,C_01,G,1996,18051,Orange
270,Elsy,Flanne,eflanne7h@usnews.com,Female,C_04,I,1994,63543,Purple
271,Oriana,Cortese,ocortese7i@goo.gl,Female,C_02,F,2000,32717,Yellow
272,Amelie,Fedynski,afedynski7j@patch.com,Female,C_04,F,1992,47077,Pink
273,Barbara-anne,Dudill,bdudill7k@google.nl,Female,C_06,C,2004,70222,Aquamarine
274,Tyson,Barkshire,tbarkshire7l@pagesperso-orange.fr,Male,C_06,C,2001,32032,Goldenrod
275,Chilton,Codron,ccodron7m@ucsd.edu,Male,C_01,H,1993,78978,Green
276,Creight,Epgrave,cepgrave7n@topsy.com,Male,C_03,G,1996,46213,Mauv
277,Winifred,Cronkshaw,wcronkshaw7o@t-online.de,Female,C_01,J,1990,35103,Mauv
278,Sandy,Lambert,slambert7p@cmu.edu,Female,C_05,F,2005,71391,Teal
279,Nadeen,McAulay,nmcaulay7q@t.co,Female,C_05,E,2011,39580,Green
280,Loreen,Stubbes,lstubbes7r@noaa.gov,Female,C_04,J,2011,79877,Fuscia
281,Sibbie,Sawter,ssawter7s@github.com,Female,C_05,F,1992,50897,Blue
282,Flint,Busby,fbusby7t@deviantart.com,Male,C_07,I,1994,62112,Yellow
283,Alfreda,Ivanyushkin,aivanyushkin7u@newsvine.com,Female,C_04,F,1991,60156,Blue
284,Lester,Haszard,lhaszard7v@reference.com,Male,C_07,A,2005,29944,Aquamarine
285,Jo ann,Fraczek,jfraczek7w@cloudflare.com,Female,C_03,J,2001,60471,Crimson
286,Inigo,Strafford,istrafford7x@desdev.cn,Male,C_05,E,1998,23773,Puce
287,Jourdan,Terzo,jterzo7y@toplist.cz,Female,C_05,E,2008,37271,Green
288,Iain,Elsie,ielsie7z@newyorker.com,Male,C_03,D,2012,40136,Green
289,Rubin,Regelous,rregelous80@cbc.ca,Male,C_06,E,1996,74673,Goldenrod
290,Germana,Staterfield,gstaterfield81@angelfire.com,Female,C_02,I,1999,59419,Crimson
291,Sibilla,Robyns,srobyns82@cloudflare.com,Female,C_01,F,2004,54644,Khaki
292,Berton,De Matteis,bdematteis83@lulu.com,Male,C_07,D,1987,47326,Pink
293,Greg,Stoddart,gstoddart84@soundcloud.com,Male,C_01,G,1988,76521,Red
294,Mamie,Hurran,mhurran85@reddit.com,Female,C_02,G,2010,45167,Puce
295,Claribel,Winterbottom,cwinterbottom86@amazon.com,Female,C_02,J,1998,30011,Blue
296,Caria,Hearty,chearty87@jiathis.com,Female,C_05,D,2011,41568,Mauv
297,Cosimo,Crookes,ccrookes88@flickr.com,Male,C_02,I,2001,45508,Khaki
298,Trumaine,MacVagh,tmacvagh89@indiatimes.com,Male,C_03,B,1980,53123,Indigo
299,Nyssa,Lesser,nlesser8a@blog.com,Female,C_05,F,2007,61453,Blue
300,Kristen,Labusquiere,klabusquiere8b@delicious.com,Female,C_02,D,2005,53526,Crimson
301,Arri,Cranke,acranke8c@mozilla.com,Male,C_07,I,2001,65793,Mauv
302,Scarface,Philcock,sphilcock8d@deliciousdays.com,Male,C_02,H,2012,19912,Fuscia
303,Ermin,Lorroway,elorroway8e@exblog.jp,Male,C_06,A,2011,62870,Pink
304,Duncan,Melhuish,dmelhuish8f@technorati.com,Male,C_01,A,2004,66635,Orange
305,Esther,Gerdes,egerdes8g@furl.net,Female,C_03,I,1992,28649,Goldenrod
306,Brooke,Wilkisson,bwilkisson8h@tinyurl.com,Female,C_01,J,1995,16660,Mauv
307,Milo,Signoret,msignoret8i@deliciousdays.com,Male,C_05,D,2012,71161,Goldenrod
308,Mace,Pittam,mpittam8j@tiny.cc,Male,C_05,D,2008,28473,Green
309,Natal,Sultana,nsultana8k@addthis.com,Male,C_02,G,2000,25654,Aquamarine
310,Reamonn,Rawes,rrawes8l@sciencedaily.com,Male,C_04,I,2001,53113,Aquamarine
311,Billie,Romke,bromke8m@parallels.com,Male,C_07,E,2009,27590,Violet
312,Durand,Miettinen,dmiettinen8n@mozilla.org,Male,C_07,G,1986,59051,Green
313,Cecilla,Dani,cdani8o@gmpg.org,Female,C_01,A,2007,16540,Crimson
314,Umberto,Judge,ujudge8p@army.mil,Male,C_04,A,1997,67451,Khaki
315,Pinchas,Patten,ppatten8q@blogger.com,Male,C_01,J,2009,22215,Puce
316,Olivero,Chaimson,ochaimson8r@yahoo.co.jp,Male,C_01,C,1991,38513,Yellow
317,Carol-jean,Ribbens,cribbens8s@craigslist.org,Female,C_03,D,1973,74099,Red
318,Richard,Beaten,rbeaten8t@biglobe.ne.jp,Male,C_06,D,2006,58777,Blue
319,Leighton,Clowes,lclowes8u@narod.ru,Male,C_06,D,1992,61172,Khaki
320,Dionis,Betjeman,dbetjeman8v@noaa.gov,Female,C_02,E,2007,36514,Aquamarine
321,Ludovika,Sawbridge,lsawbridge8w@hubpages.com,Female,C_04,I,2010,59404,Aquamarine
322,Biddie,Seamen,bseamen8x@unc.edu,Female,C_06,A,1998,42032,Khaki
323,Velma,Godwin,vgodwin8y@accuweather.com,Female,C_06,B,1993,18159,Crimson
324,Floyd,Wiley,fwiley8z@narod.ru,Male,C_01,H,2013,55171,Aquamarine
325,Levon,Boodell,lboodell90@thetimes.co.uk,Male,C_06,G,1996,45324,Turquoise
326,Regan,Joliffe,rjoliffe91@paginegialle.it,Male,C_06,C,1994,55895,Pink
327,Kane,Alphege,kalphege92@craigslist.org,Male,C_03,E,1998,29283,Teal
328,Lesly,Lupton,llupton93@shutterfly.com,Female,C_05,E,1998,64215,Puce
329,Leelah,Measures,lmeasures94@hexun.com,Female,C_03,C,1966,46483,Yellow
330,Denis,Meran,dmeran95@virginia.edu,Male,C_05,H,1985,18814,Red
331,Tootsie,Mollnar,tmollnar96@cnbc.com,Female,C_05,F,2008,67748,Indigo
332,Babara,Tondeur,btondeur97@apache.org,Female,C_03,C,2002,70038,Turquoise
333,Gardie,Woodfin,gwoodfin98@utexas.edu,Male,C_02,D,2011,74476,Crimson
334,Netti,Halpen,nhalpen99@creativecommons.org,Female,C_07,J,2011,63353,Pink
335,Jandy,Franzoli,jfranzoli9a@dagondesign.com,Female,C_01,H,1995,67284,Teal
336,Kingsley,Cockran,kcockran9b@twitter.com,Male,C_06,A,2008,53912,Crimson
337,Jephthah,Bofield,jbofield9c@state.gov,Male,C_02,D,1964,18898,Purple
338,Cherilynn,Arpin,carpin9d@constantcontact.com,Female,C_07,F,2008,71122,Crimson
339,Sidnee,Gaine of England,sgaineofengland9e@merriam-webster.com,Male,C_06,F,1985,20670,Khaki
340,Eziechiele,Brounsell,ebrounsell9f@qq.com,Male,C_02,D,2008,67022,Teal
341,Ursula,Carle,ucarle9g@bloglines.com,Female,C_05,F,1995,76615,Pink
342,Boy,Garmey,bgarmey9h@diigo.com,Male,C_06,J,1990,19785,Yellow
343,Kaylyn,Klulisek,kklulisek9i@cafepress.com,Female,C_04,C,2008,28499,Goldenrod
344,Skye,Surguine,ssurguine9j@nyu.edu,Male,C_07,C,2010,21509,Puce
345,Julia,MacBrearty,jmacbrearty9k@gmpg.org,Female,C_03,J,1997,33374,Green
346,Rooney,Karlicek,rkarlicek9l@github.io,Male,C_06,J,1984,68040,Puce
347,Dmitri,Bordessa,dbordessa9m@bbb.org,Male,C_07,A,1994,59831,Yellow
348,Wes,Manna,wmanna9n@businesswire.com,Male,C_06,I,1987,18678,Turquoise
349,Gilli,Maase,gmaase9o@apache.org,Female,C_06,A,1985,59414,Aquamarine
350,Mehetabel,McKniely,mmckniely9p@usnews.com,Female,C_03,H,2010,45827,Purple
351,Ray,Terrans,rterrans9q@oakley.com,Male,C_03,J,2003,61245,Turquoise
352,Hall,Sturrock,hsturrock9r@yandex.ru,Male,C_07,I,2012,20906,Maroon
353,Lyndy,Selby,lselby9s@wikispaces.com,Female,C_05,C,2010,53082,Indigo
354,Jacquelin,Chapman,jchapman9t@gov.uk,Female,C_03,E,2006,42164,Orange
355,Maison,Clyde,mclyde9u@myspace.com,Male,C_01,A,1984,68077,Violet
356,Aldridge,Stiant,astiant9v@smugmug.com,Male,C_05,B,2008,64408,Goldenrod
357,Coralie,Rossi,crossi9w@amazon.com,Female,C_07,J,1996,15803,Maroon
358,Carleen,Creasey,ccreasey9x@vinaora.com,Female,C_02,B,1994,51135,Goldenrod
359,Felike,Boulton,fboulton9y@delicious.com,Male,C_06,C,2005,61136,Purple
360,Boyd,Linacre,blinacre9z@vistaprint.com,Male,C_05,I,2007,74194,Indigo
361,Calypso,Daffern,cdafferna0@redcross.org,Female,C_01,C,2012,40809,Puce
362,Glendon,Sleit,gsleita1@latimes.com,Male,C_07,C,2012,46934,Green
363,Dolf,Ferenczy,dferenczya2@domainmarket.com,Male,C_03,B,1999,28596,Pink
364,Tomlin,Cumberlidge,tcumberlidgea3@skype.com,Male,C_04,A,2000,40711,Purple
365,Baldwin,Spaight,bspaighta4@example.com,Male,C_04,J,1993,45277,Orange
366,Ignaz,Dawby,idawbya5@posterous.com,Male,C_04,J,2011,21526,Purple
367,Briney,Heffernon,bheffernona6@mail.ru,Female,C_07,H,2009,55267,Yellow
368,Gustaf,Kerrane,gkerranea7@unblog.fr,Male,C_06,B,2012,42886,Red
369,Julianne,Christaeas,jchristaeasa8@howstuffworks.com,Female,C_03,I,2008,73922,Purple
370,Dag,Schellig,dschelliga9@apple.com,Male,C_07,I,2002,23204,Teal
371,Saunders,Wardingley,swardingleyaa@cmu.edu,Male,C_03,J,1984,50786,Khaki
372,Danella,Ashurst,dashurstab@infoseek.co.jp,Female,C_02,A,1995,36704,Violet
373,Correy,Nickoles,cnickolesac@dropbox.com,Female,C_04,F,1998,16255,Indigo
374,Beulah,Pele,bpelead@alibaba.com,Female,C_01,D,2009,75294,Turquoise
375,Win,Jakolevitch,wjakolevitchae@ow.ly,Male,C_02,C,1983,40457,Turquoise
376,Jobyna,Hayselden,jhayseldenaf@uol.com.br,Female,C_04,F,1993,50510,Pink
377,Travis,Murphey,tmurpheyag@squidoo.com,Male,C_02,E,1997,27119,Maroon
378,Kleon,Tchir,ktchirah@army.mil,Male,C_05,J,1997,26191,Crimson
379,Zelda,Sambrook,zsambrookai@npr.org,Female,C_04,D,2008,59432,Goldenrod
380,Hatti,Vowdon,hvowdonaj@addthis.com,Female,C_04,E,2003,73048,Orange
381,Austine,Ayer,aayerak@so-net.ne.jp,Female,C_04,G,2000,18318,Purple
382,Tyrus,Blacklidge,tblacklidgeal@facebook.com,Male,C_06,A,1995,77405,Yellow
383,Ricoriki,Japp,rjappam@un.org,Male,C_04,F,2006,21738,Puce
384,Miller,Gummow,mgummowan@goo.gl,Male,C_03,E,1984,73860,Yellow
385,Chelsea,Pickston,cpickstonao@joomla.org,Female,C_05,J,1991,66243,Green
386,Tadio,Brabbins,tbrabbinsap@lycos.com,Male,C_05,I,1976,19690,Khaki
387,Georg,Probart,gprobartaq@sina.com.cn,Male,C_06,F,1997,39560,Blue
388,Lavena,Keepe,lkeepear@nps.gov,Female,C_02,J,2006,72624,Blue
389,Merry,Eke,mekeas@deviantart.com,Male,C_04,I,1996,26533,Blue
390,Janie,Marron,jmarronat@symantec.com,Female,C_06,C,2003,27979,Puce
391,Bobbie,Pond-Jones,bpondjonesau@wix.com,Female,C_01,A,2010,47010,Fuscia
392,Gunther,Sussams,gsussamsav@oakley.com,Male,C_04,B,2003,57085,Indigo
393,Philly,Bakesef,pbakesefaw@state.tx.us,Female,C_01,J,2006,28707,Puce
394,Devonna,Harkess,dharkessax@google.ru,Female,C_03,E,2011,69325,Purple
395,Rod,Argabrite,rargabriteay@google.ru,Male,C_05,J,1998,55065,Violet
396,Serge,Antley,santleyaz@behance.net,Male,C_07,J,1997,22966,Mauv
397,Matthus,Earley,mearleyb0@businessinsider.com,Male,C_01,E,1998,53309,Crimson
398,Elianore,MacElholm,emacelholmb1@google.ca,Female,C_06,F,2006,21820,Goldenrod
399,Willa,Kynson,wkynsonb2@oaic.gov.au,Female,C_03,H,1991,16303,Maroon
400,Valene,Ondra,vondrab3@samsung.com,Female,C_01,J,2002,60661,Red
401,Gusty,Garton,ggartonb4@delicious.com,Female,C_06,H,1999,44116,Khaki
402,Sawyer,Scohier,sscohierb5@arizona.edu,Male,C_07,B,1993,71269,Maroon
403,Odilia,Halton,ohaltonb6@is.gd,Female,C_05,J,2012,54228,Orange
404,Rorie,Whye,rwhyeb7@fastcompany.com,Female,C_04,B,2003,79644,Turquoise
405,Lesley,Kurten,lkurtenb8@slate.com,Male,C_04,J,2004,27952,Green
406,Shayna,Wipfler,swipflerb9@example.com,Female,C_01,F,2008,73944,Puce
407,Jacquelynn,Jurn,jjurnba@nhs.uk,Female,C_05,H,1989,41460,Indigo
408,Yolande,Darwood,ydarwoodbb@infoseek.co.jp,Female,C_03,C,1991,28263,Violet
409,Kristopher,Healks,khealksbc@webnode.com,Male,C_01,D,1992,75341,Yellow
410,Annadiana,Filchagin,afilchaginbd@sakura.ne.jp,Female,C_01,A,2012,56740,Crimson
411,Corrina,Packwood,cpackwoodbe@theatlantic.com,Female,C_01,G,1993,58637,Teal
412,Mehetabel,Bygreaves,mbygreavesbf@cocolog-nifty.com,Female,C_01,E,1992,38368,Green
413,Silvana,Nail,snailbg@dmoz.org,Female,C_01,G,2009,36008,Violet
414,Modesty,Le Floch,mleflochbh@godaddy.com,Female,C_03,G,2000,30323,Pink
415,Madelle,Kike,mkikebi@desdev.cn,Female,C_01,D,2003,35154,Khaki
416,Rickey,Strachan,rstrachanbj@cbsnews.com,Male,C_05,F,2011,16285,Crimson
417,Juan,Stocks,jstocksbk@cisco.com,Male,C_01,H,1959,28366,Purple
418,Elita,Oneal,eonealbl@state.tx.us,Female,C_05,I,2007,56730,Turquoise
419,Ardeen,Burroughes,aburroughesbm@zimbio.com,Female,C_06,J,1997,42765,Aquamarine
420,Rhett,Growcock,rgrowcockbn@eepurl.com,Male,C_01,A,2000,72461,Aquamarine
421,Beck,Lewins,blewinsbo@myspace.com,Male,C_07,A,1994,16812,Goldenrod
422,Irita,McBeth,imcbethbp@senate.gov,Female,C_01,A,1999,36361,Green
423,Harmon,Hovie,hhoviebq@amazonaws.com,Male,C_01,H,2001,30022,Crimson
424,Neill,Isgar,nisgarbr@goo.gl,Male,C_03,G,1995,40786,Red
425,Gabby,Storrock,gstorrockbs@kickstarter.com,Male,C_04,E,2008,58979,Purple
426,Wynne,Brandassi,wbrandassibt@usatoday.com,Female,C_07,G,1993,74432,Teal
427,Gusty,Boaler,gboalerbu@cocolog-nifty.com,Female,C_04,J,2010,60973,Blue
428,Duncan,Timbs,dtimbsbv@aol.com,Male,C_06,I,1969,38230,Maroon
429,Salomon,Rau,sraubw@msu.edu,Male,C_05,C,2005,16696,Orange
430,Sheba,Mottinelli,smottinellibx@discuz.net,Female,C_03,F,2012,27860,Green
431,Anneliese,Warlaw,awarlawby@geocities.com,Female,C_01,A,1965,44017,Green
432,Paloma,Danniel,pdannielbz@kickstarter.com,Female,C_06,D,2010,42695,Teal
433,Ramon,Byrcher,rbyrcherc0@si.edu,Male,C_05,G,1988,24577,Mauv
434,Meier,Vossing,mvossingc1@last.fm,Male,C_07,A,1987,71262,Aquamarine
435,Avis,Petrasso,apetrassoc2@house.gov,Female,C_02,D,1994,40576,Teal
436,Gerardo,Martinec,gmartinecc3@blogs.com,Male,C_06,D,2003,15643,Maroon
437,Alic,Ravelus,aravelusc4@slideshare.net,Male,C_04,I,2005,48816,Goldenrod
438,Elonore,Accomb,eaccombc5@technorati.com,Female,C_06,H,2005,41719,Maroon
439,Lyle,Turpie,lturpiec6@mlb.com,Male,C_07,D,2004,76230,Pink
440,Dukie,Killingworth,dkillingworthc7@sina.com.cn,Male,C_03,C,2007,26316,Crimson
441,William,Dobney,wdobneyc8@alibaba.com,Male,C_06,H,2007,27779,Mauv
442,Daniella,D'Adamo,ddadamoc9@ameblo.jp,Female,C_04,F,2008,39391,Green
443,Perry,Tournay,ptournayca@tripod.com,Female,C_01,F,2002,24805,Mauv
444,Eugenie,Whiscard,ewhiscardcb@flavors.me,Female,C_07,J,1994,70427,Teal
445,Saleem,Mc Dermid,smcdermidcc@edublogs.org,Male,C_07,F,1995,73786,Teal
446,Currie,Jirasek,cjirasekcd@topsy.com,Male,C_02,E,2011,78231,Indigo
447,Susana,Browne,sbrownece@hud.gov,Female,C_01,G,1995,44054,Aquamarine
448,Lambert,Keefe,lkeefecf@omniture.com,Male,C_07,A,1986,54035,Indigo
449,Vinita,Dangl,vdanglcg@hud.gov,Female,C_07,J,2011,62235,Yellow
450,Orland,McCrone,omccronech@census.gov,Male,C_01,J,1986,32824,Pink
451,Antony,Pert,apertci@booking.com,Male,C_07,F,2001,26055,Fuscia
452,Dedra,De Giorgi,ddegiorgicj@dion.ne.jp,Female,C_06,C,1997,47183,Mauv
453,Keslie,Royston,kroystonck@latimes.com,Female,C_04,A,2009,34993,Violet
454,Sauncho,Balmforth,sbalmforthcl@tripadvisor.com,Male,C_05,D,2002,61092,Goldenrod
455,Sylvia,Stitfall,sstitfallcm@xinhuanet.com,Female,C_06,B,1995,16051,Goldenrod
456,Reider,Mortell,rmortellcn@de.vu,Male,C_07,E,2012,50891,Goldenrod
457,Nonie,Ipsly,nipslyco@loc.gov,Female,C_02,H,2000,58412,Teal
458,Ephrayim,Oloman,eolomancp@networksolutions.com,Male,C_03,G,2004,78365,Teal
459,Corrianne,Bolino,cbolinocq@163.com,Female,C_04,D,2011,16555,Purple
460,Ryann,Benedit,rbeneditcr@latimes.com,Female,C_01,A,2011,21732,Green
461,Woodman,Lemme,wlemmecs@comcast.net,Male,C_03,E,1997,58451,Mauv
462,Westley,Maryska,wmaryskact@kickstarter.com,Male,C_02,B,1990,58991,Khaki
463,Wittie,Coatman,wcoatmancu@usda.gov,Male,C_03,B,1993,39055,Mauv
464,Valentin,Dies,vdiescv@adobe.com,Male,C_02,I,2001,17966,Aquamarine
465,Jacki,Peron,jperoncw@hugedomains.com,Female,C_06,E,1994,64029,Aquamarine
466,Herculie,Garwood,hgarwoodcx@discuz.net,Male,C_01,I,1994,32149,Purple
467,Buckie,Atwool,batwoolcy@flavors.me,Male,C_06,A,2001,30671,Purple
468,Kat,Connop,kconnopcz@paypal.com,Female,C_03,D,2007,37802,Puce
469,Kipper,Carmichael,kcarmichaeld0@studiopress.com,Male,C_05,B,1990,67724,Mauv
470,Trevor,Levison,tlevisond1@com.com,Male,C_06,D,2008,74719,Crimson
471,Ynes,Geldeard,ygeldeardd2@friendfeed.com,Female,C_07,A,1990,23562,Purple
472,Obadias,Garrat,ogarratd3@edublogs.org,Male,C_01,D,2010,72628,Fuscia
473,Roanna,Corbin,rcorbind4@nature.com,Female,C_06,H,2006,69015,Pink
474,Ranique,Dorn,rdornd5@bbb.org,Female,C_02,E,2007,17628,Goldenrod
475,Mei,Partlett,mpartlettd6@histats.com,Female,C_06,B,1988,72585,Orange
476,Ashly,Greatrex,agreatrexd7@last.fm,Female,C_03,I,1986,54322,Green
477,Veronica,Gwilliam,vgwilliamd8@google.ru,Female,C_07,I,2012,34240,Crimson
478,Royce,Lanyon,rlanyond9@blogtalkradio.com,Male,C_01,C,2001,77833,Yellow
479,Christy,Durno,cdurnoda@slate.com,Female,C_05,C,2009,68137,Goldenrod
480,Sullivan,Bailes,sbailesdb@sogou.com,Male,C_03,E,1997,20775,Teal
481,Gino,Dawidowsky,gdawidowskydc@pagesperso-orange.fr,Male,C_05,B,2002,77916,Purple
482,Donnajean,Josephov,djosephovdd@weibo.com,Female,C_01,D,2000,64139,Teal
483,Chloe,Butterick,cbutterickde@economist.com,Female,C_07,J,2006,44777,Pink
484,Kermy,Gaytor,kgaytordf@arizona.edu,Male,C_06,H,2005,79036,Violet
485,Arnold,Mabson,amabsondg@netvibes.com,Male,C_07,G,2002,46536,Turquoise
486,Theodosia,Albrook,talbrookdh@senate.gov,Female,C_03,H,1998,67842,Violet
487,Abbot,Finnis,afinnisdi@utexas.edu,Male,C_03,H,1994,31771,Fuscia
488,Adele,Regitz,aregitzdj@aol.com,Female,C_07,J,1993,71377,Khaki
489,Vassily,Triggle,vtriggledk@gov.uk,Male,C_04,D,1998,70230,Violet
490,Chelsie,Bellward,cbellwarddl@zdnet.com,Female,C_03,G,2003,68028,Maroon
491,Donalt,Waycott,dwaycottdm@hao123.com,Male,C_04,F,1990,28297,Teal
492,Virgil,McGillecole,vmcgillecoledn@list-manage.com,Male,C_02,F,1995,32059,Violet
493,Olga,Shields,oshieldsdo@weebly.com,Female,C_05,J,2003,66594,Green
494,Parry,Bendle,pbendledp@mozilla.org,Male,C_01,E,2000,67377,Goldenrod
495,Rafaellle,Laval,rlavaldq@uiuc.edu,Male,C_02,C,1997,67834,Teal
496,Cristionna,Donisthorpe,cdonisthorpedr@reference.com,Female,C_02,J,2004,54909,Orange
497,Ashlin,Sautter,asautterds@histats.com,Male,C_03,H,2011,50060,Red
498,Andrew,Reyne,areynedt@auda.org.au,Male,C_05,B,2003,31367,Blue
499,Sapphire,Myhill,smyhilldu@hhs.gov,Female,C_04,I,2003,59325,Yellow
500,Anetta,Burkin,aburkindv@indiatimes.com,Female,C_02,C,2003,72223,Indigo
501,Pattie,Hayen,phayendw@ifeng.com,Male,C_03,E,1988,15747,Khaki
502,Liam,Jerrams,ljerramsdx@hostgator.com,Male,C_06,C,1984,62374,Green
503,Ambrosio,Lambal,alambaldy@wired.com,Male,C_07,G,1992,78528,Turquoise
504,Kelli,Dusting,kdustingdz@usda.gov,Female,C_04,A,2013,49088,Turquoise
505,Karlens,Liveing,kliveinge0@wikispaces.com,Male,C_04,E,1996,62197,Red
506,Simeon,Passler,spasslere1@oakley.com,Male,C_06,C,1995,54255,Indigo
507,Doralia,De Coursey,ddecourseye2@desdev.cn,Female,C_02,H,2001,15237,Mauv
508,Annora,Skones,askonese3@vkontakte.ru,Female,C_03,I,2002,23620,Red
509,Sasha,Nind,sninde4@comsenz.com,Male,C_06,D,2010,71354,Puce
510,Meredithe,Skypp,mskyppe5@com.com,Female,C_04,E,2002,29704,Turquoise
511,Audie,Mullan,amullane6@kickstarter.com,Female,C_06,A,1997,59347,Pink
512,Merna,Gaish,mgaishe7@merriam-webster.com,Female,C_01,F,2004,24726,Indigo
513,Wheeler,Hollows,whollowse8@reverbnation.com,Male,C_06,A,2007,49583,Goldenrod
514,Nanni,Raoux,nraouxe9@va.gov,Female,C_03,C,2005,56229,Mauv
515,Francisca,Morican,fmoricanea@census.gov,Female,C_06,C,2012,75648,Turquoise
516,Berke,Navaro,bnavaroeb@elegantthemes.com,Male,C_07,A,1998,30450,Green
517,Sloane,Temblett,stemblettec@ebay.co.uk,Male,C_04,B,1994,44254,Goldenrod
518,Morey,Fallanche,mfallancheed@instagram.com,Male,C_06,J,2006,34154,Yellow
519,Joannes,Borham,jborhamee@blinklist.com,Female,C_04,J,1965,15923,Yellow
520,Lindy,Sempill,lsempillef@freewebs.com,Female,C_02,J,2008,35333,Fuscia
521,Thedric,Sculpher,tsculphereg@wordpress.com,Male,C_04,F,2001,74385,Goldenrod
522,Armando,Kilgrew,akilgreweh@irs.gov,Male,C_01,A,1997,16830,Purple
523,Forrest,Carling,fcarlingei@weibo.com,Male,C_05,G,2008,23678,Maroon
524,Bren,Wilshin,bwilshinej@jimdo.com,Male,C_03,F,1989,50875,Violet
525,June,Shama,jshamaek@yelp.com,Female,C_03,A,2000,23598,Puce
526,Jackie,Sabbins,jsabbinsel@tuttocitta.it,Male,C_06,B,2008,18614,Goldenrod
527,Winny,Beine,wbeineem@oakley.com,Female,C_01,C,1998,17889,Indigo
528,Barbee,Whitney,bwhitneyen@usa.gov,Female,C_05,I,2005,23934,Puce
529,Constancia,Givens,cgivenseo@usgs.gov,Female,C_05,J,2009,53965,Mauv
530,Nelli,Jiracek,njiracekep@weibo.com,Female,C_04,D,1981,31925,Indigo
531,Moyra,Goncalo,mgoncaloeq@wikia.com,Female,C_04,I,2002,53270,Purple
532,Elane,Titlow,etitlower@nationalgeographic.com,Female,C_04,G,2004,25783,Teal
533,Otha,Coskerry,ocoskerryes@spotify.com,Female,C_05,J,1998,78619,Aquamarine
534,Mel,Hallagan,mhallaganet@ehow.com,Female,C_03,E,2000,58778,Green
535,Angelo,Gabrieli,agabrielieu@yahoo.com,Male,C_04,C,2006,44046,Turquoise
536,Korella,Dudleston,kdudlestonev@360.cn,Female,C_04,A,2004,37552,Orange
537,Jedediah,Buttress,jbuttressew@wikipedia.org,Male,C_03,A,2006,74769,Goldenrod
538,Grannie,Herculeson,gherculesonex@rambler.ru,Male,C_02,F,2001,31463,Puce
539,Alessandro,Gouldstraw,agouldstrawey@smh.com.au,Male,C_01,B,1998,65527,Turquoise
540,Leonard,Moff,lmoffez@apache.org,Male,C_01,B,1992,77225,Crimson
541,Ingunna,Blampied,iblampiedf0@imdb.com,Female,C_06,G,2005,17913,Fuscia
542,Rudolfo,Dowrey,rdowreyf1@ebay.co.uk,Male,C_04,A,1995,22612,Orange
543,Lock,Sandham,lsandhamf2@dot.gov,Male,C_05,I,1987,78233,Orange
544,Brantley,Odell,bodellf3@google.nl,Male,C_07,D,1994,45383,Aquamarine
545,Wendel,Parkin,wparkinf4@washingtonpost.com,Male,C_07,G,2012,76368,Maroon
546,Angeline,Mease,ameasef5@latimes.com,Female,C_05,E,2001,16254,Violet
547,Dulsea,Stivers,dstiversf6@cam.ac.uk,Female,C_02,J,2011,26164,Purple
548,Bing,Whisker,bwhiskerf7@imdb.com,Male,C_07,B,2000,60880,Orange
549,Fons,Skinley,fskinleyf8@narod.ru,Male,C_07,D,2008,77708,Pink
550,Chev,Drife,cdrifef9@myspace.com,Male,C_03,B,2002,37671,Orange
551,Harcourt,Yurkevich,hyurkevichfa@rediff.com,Male,C_01,D,2005,74547,Violet
552,Roxane,Finlator,rfinlatorfb@vkontakte.ru,Female,C_06,G,2008,44336,Goldenrod
553,Ferdinand,Tooby,ftoobyfc@booking.com,Male,C_07,C,1987,46348,Teal
554,Orella,Maunders,omaundersfd@quantcast.com,Female,C_03,E,2004,72510,Orange
555,Allene,Grimestone,agrimestonefe@sakura.ne.jp,Female,C_06,J,2011,17220,Turquoise
556,Gwendolin,Weagener,gweagenerff@wsj.com,Female,C_07,C,1988,57258,Puce
557,Even,Piddlesden,epiddlesdenfg@cdc.gov,Male,C_04,C,1997,27307,Mauv
558,Sidonnie,MacColm,smaccolmfh@gov.uk,Female,C_06,D,2006,39907,Khaki
559,Nollie,Mirams,nmiramsfi@walmart.com,Female,C_05,F,2009,37166,Khaki
560,Duffie,Stanmore,dstanmorefj@abc.net.au,Male,C_05,C,2004,25189,Teal
561,Gregoor,Garstang,ggarstangfk@hatena.ne.jp,Male,C_04,B,1993,38382,Pink
562,Beatrix,Walkinshaw,bwalkinshawfl@usatoday.com,Female,C_02,I,1990,47603,Puce
563,Dominick,Olive,dolivefm@globo.com,Male,C_03,G,2004,30893,Teal
564,Khalil,Borchardt,kborchardtfn@hibu.com,Male,C_01,H,2009,33701,Orange
565,Federico,Eccleshall,feccleshallfo@google.fr,Male,C_05,D,2006,69314,Pink
566,Maye,Newdick,mnewdickfp@squarespace.com,Female,C_06,G,1972,35140,Teal
567,Stinky,Castanyer,scastanyerfq@umich.edu,Male,C_07,F,1999,27096,Purple
568,Ellen,Betterton,ebettertonfr@google.fr,Female,C_05,E,1993,52987,Indigo
569,Kristin,Dyer,kdyerfs@irs.gov,Female,C_05,J,2013,62224,Turquoise
570,Rafaello,McCaw,rmccawft@about.com,Male,C_03,B,1985,44506,Puce
571,Pooh,Aldhous,paldhousfu@multiply.com,Male,C_04,A,1997,71628,Blue
572,Cammy,Lory,cloryfv@businessweek.com,Male,C_07,D,1995,42945,Aquamarine
573,Celestia,Harteley,charteleyfw@histats.com,Female,C_02,A,1995,49284,Aquamarine
574,Dalila,Heineking,dheinekingfx@gnu.org,Female,C_04,G,2005,40792,Puce
575,Pauly,Frankland,pfranklandfy@reference.com,Male,C_07,G,1996,26983,Maroon
576,Maris,Lardge,mlardgefz@constantcontact.com,Female,C_06,I,2000,39584,Maroon
577,Addie,Gorse,agorseg0@google.ca,Female,C_02,C,1985,50355,Blue
578,Farlie,Skerritt,fskerrittg1@hugedomains.com,Male,C_04,H,2009,27670,Blue
579,Lorna,Kanwell,lkanwellg2@loc.gov,Female,C_05,G,2010,63226,Orange
580,Ellen,Pagett,epagettg3@shareasale.com,Female,C_03,C,1995,39124,Violet
581,Quillan,Bickerton,qbickertong4@wired.com,Male,C_07,B,2001,72489,Aquamarine
582,Natale,Oram,noramg5@digg.com,Male,C_02,F,1999,53895,Turquoise
583,Galvin,Vecard,gvecardg6@cbsnews.com,Male,C_02,D,1998,71418,Puce
584,Saunder,Squibbes,ssquibbesg7@deliciousdays.com,Male,C_04,C,2007,61034,Khaki
585,Frederic,Crammy,fcrammyg8@hatena.ne.jp,Male,C_07,C,1976,53932,Indigo
586,Christian,Koenraad,ckoenraadg9@indiegogo.com,Male,C_05,F,1994,55362,Teal
587,Jammie,Bickley,jbickleyga@canalblog.com,Female,C_07,H,1987,58178,Puce
588,Karney,Skitteral,kskitteralgb@eventbrite.com,Male,C_03,E,2001,76436,Puce
589,Freddy,Genders,fgendersgc@mysql.com,Male,C_06,F,2007,26966,Fuscia
590,Laurence,MacCheyne,lmaccheynegd@seesaa.net,Male,C_07,A,2012,19172,Khaki
591,Thalia,Harbron,tharbronge@un.org,Female,C_07,D,1986,46612,Pink
592,Reese,Boner,rbonergf@liveinternet.ru,Male,C_05,B,2011,68749,Indigo
593,Kaja,Mayow,kmayowgg@nymag.com,Female,C_05,I,2005,31019,Indigo
594,Sonnnie,Weatherell,sweatherellgh@imageshack.us,Female,C_06,H,2006,35356,Aquamarine
595,Thornton,Snow,tsnowgi@prweb.com,Male,C_07,E,1997,70365,Indigo
596,Christoper,Ketteman,ckettemangj@buzzfeed.com,Male,C_04,H,2000,57722,Turquoise
597,Hayward,Pollen,hpollengk@weebly.com,Male,C_03,D,2012,68945,Mauv
598,Chen,Ouldcott,couldcottgl@cbc.ca,Male,C_02,C,2007,71452,Violet
599,Pietro,Tollady,ptolladygm@un.org,Male,C_06,E,2007,79536,Violet
600,Chloe,Dexter,cdextergn@usnews.com,Female,C_07,D,1995,78675,Indigo
601,Fina,Stiegar,fstiegargo@samsung.com,Female,C_01,H,2011,49845,Pink
602,Ondrea,Longfellow,olongfellowgp@delicious.com,Female,C_01,G,2006,61166,Red
603,Daisie,Sunderland,dsunderlandgq@nyu.edu,Female,C_03,E,2006,28653,Turquoise
604,Rahel,Escalante,rescalantegr@paginegialle.it,Female,C_03,H,2003,20081,Puce
605,Montague,How to preserve,mhowtopreservegs@angelfire.com,Male,C_06,E,1996,24600,Indigo
606,Pietra,Chippin,pchippingt@bluehost.com,Female,C_01,D,2002,60350,Teal
607,Robb,Pounsett,rpounsettgu@free.fr,Male,C_03,E,1991,67695,Blue
608,Karol,Madle,kmadlegv@4shared.com,Female,C_05,G,2002,74657,Goldenrod
609,Shara,Colgrave,scolgravegw@intel.com,Female,C_03,H,1995,71484,Maroon
610,Claudie,Langtree,clangtreegx@cbc.ca,Female,C_02,H,2002,45850,Orange
611,Elonore,Meriguet,emeriguetgy@hud.gov,Female,C_05,C,2012,54909,Goldenrod
612,Randolph,Dell'Abbate,rdellabbategz@nba.com,Male,C_05,E,2008,72720,Teal
613,Alverta,Tribe,atribeh0@topsy.com,Female,C_04,D,2011,18315,Goldenrod
614,Matty,Mines,mminesh1@imgur.com,Female,C_06,D,2011,48089,Aquamarine
615,Madelaine,Heaphy,mheaphyh2@kickstarter.com,Female,C_01,C,1987,17625,Green
616,Ginger,Antonopoulos,gantonopoulosh3@artisteer.com,Male,C_06,J,2008,34971,Khaki
617,Bettine,Killbey,bkillbeyh4@ocn.ne.jp,Female,C_03,F,2008,45131,Goldenrod
618,Nicol,Maudlin,nmaudlinh5@cbc.ca,Female,C_04,B,2000,63224,Maroon
619,Tomasine,Greatland,tgreatlandh6@purevolume.com,Female,C_02,C,2006,54984,Khaki
620,Trever,Jacklin,tjacklinh7@de.vu,Male,C_05,J,2007,59337,Pink
621,Atlante,Drynan,adrynanh8@plala.or.jp,Female,C_05,G,2000,64805,Aquamarine
622,Mellisent,Daunter,mdaunterh9@unesco.org,Female,C_07,G,2009,22588,Orange
623,Courtney,Kenworth,ckenworthha@quantcast.com,Male,C_01,F,1992,54903,Goldenrod
624,Kylila,Whitchurch,kwhitchurchhb@phoca.cz,Female,C_06,A,1993,38968,Maroon
625,Jabez,Urey,jureyhc@economist.com,Male,C_04,C,1986,53016,Crimson
626,Jillian,Viscovi,jviscovihd@discovery.com,Female,C_05,D,2012,30395,Teal
627,Alfred,Hully,ahullyhe@uol.com.br,Male,C_06,E,1968,55513,Aquamarine
628,Isak,Janko,ijankohf@paypal.com,Male,C_01,E,1994,45590,Red
629,Peter,Frazier,pfrazierhg@cnn.com,Male,C_07,G,1992,77448,Puce
630,Renault,Cameli,rcamelihh@slashdot.org,Male,C_05,B,1997,69352,Indigo
631,Loni,Ambroix,lambroixhi@scientificamerican.com,Female,C_01,F,1992,22545,Khaki
632,Tobey,O'Nowlan,tonowlanhj@networksolutions.com,Female,C_02,J,2006,72172,Orange
633,Janenna,Keith,jkeithhk@unblog.fr,Female,C_06,J,2002,61759,Yellow
634,Hillier,Jannasch,hjannaschhl@timesonline.co.uk,Male,C_02,D,1994,50229,Yellow
635,Duane,Niemiec,dniemiechm@psu.edu,Male,C_02,A,2005,30873,Goldenrod
636,Ben,Beadman,bbeadmanhn@economist.com,Male,C_02,A,2003,65679,Teal
637,Mia,Matijasevic,mmatijasevicho@kickstarter.com,Female,C_05,I,1989,48376,Blue
638,Charmion,Simmonds,csimmondshp@reddit.com,Female,C_07,I,2009,71726,Yellow
639,Krishna,Cazereau,kcazereauhq@newyorker.com,Male,C_06,C,1991,50633,Khaki
640,Tabb,Carlesso,tcarlessohr@bigcartel.com,Male,C_03,G,2005,37250,Teal
641,Baily,Brew,bbrewhs@nbcnews.com,Male,C_07,G,2004,60756,Yellow
642,Laurette,Petett,lpetettht@qq.com,Female,C_05,A,2008,59261,Green
643,Cory,Danforth,cdanforthhu@nymag.com,Female,C_07,J,2004,71297,Aquamarine
644,Rafe,Boswell,rboswellhv@wufoo.com,Male,C_01,I,2012,68942,Pink
645,Olivero,Pikesley,opikesleyhw@nbcnews.com,Male,C_04,G,1994,16980,Red
646,Mohammed,Robley,mrobleyhx@quantcast.com,Male,C_05,I,1990,72631,Mauv
647,Ebenezer,Yarwood,eyarwoodhy@salon.com,Male,C_05,A,1995,27579,Orange
648,Eolande,Makiver,emakiverhz@google.com.br,Female,C_06,J,1998,35605,Blue
649,Opal,Heeks,oheeksi0@oakley.com,Female,C_01,G,1997,26554,Aquamarine
650,Lydia,Atyea,latyeai1@ucsd.edu,Female,C_04,B,2011,43454,Yellow
651,Maxy,Westpfel,mwestpfeli2@berkeley.edu,Female,C_01,J,2003,44289,Blue
652,Margaretha,Chown,mchowni3@seesaa.net,Female,C_07,F,1993,71333,Orange
653,Hattie,Bendixen,hbendixeni4@friendfeed.com,Female,C_02,E,1989,42143,Khaki
654,Boris,Gladbeck,bgladbecki5@wufoo.com,Male,C_07,D,1992,42978,Teal
655,Julie,De Carlo,jdecarloi6@deliciousdays.com,Male,C_02,H,1996,24093,Red
656,Ezri,Cochet,ecocheti7@topsy.com,Male,C_07,G,1994,37292,Turquoise
657,Donny,Bodd,dboddi8@surveymonkey.com,Male,C_01,D,2001,52486,Puce
658,Sapphire,Redding,sreddingi9@newsvine.com,Female,C_07,F,2003,59662,Purple
659,Chlo,Stiddard,cstiddardia@indiatimes.com,Female,C_05,F,1985,47622,Pink
660,Bendix,Sparke,bsparkeib@edublogs.org,Male,C_07,A,2004,70298,Khaki
661,Krispin,Leethem,kleethemic@ovh.net,Male,C_06,B,1990,35597,Red
662,Rorke,Rowbury,rrowburyid@shareasale.com,Male,C_07,F,1988,76688,Puce
663,Paolina,Gwillym,pgwillymie@businessweek.com,Female,C_04,H,2000,43690,Aquamarine
664,Aline,Thompsett,athompsettif@slideshare.net,Female,C_07,G,1992,51348,Green
665,Deidre,Lerego,dleregoig@nature.com,Female,C_05,J,1992,40487,Indigo
666,Lotty,Beningfield,lbeningfieldih@infoseek.co.jp,Female,C_01,B,1985,27617,Aquamarine
667,Darda,Proudler,dproudlerii@typepad.com,Female,C_05,E,2004,78979,Mauv
668,Catlee,Coleridge,ccoleridgeij@ocn.ne.jp,Female,C_05,H,2004,60608,Green
669,Dulcie,Melin,dmelinik@goodreads.com,Female,C_03,A,1991,17854,Teal
670,Taylor,Heimes,theimesil@bluehost.com,Male,C_03,A,1994,19896,Puce
671,Claribel,Aliberti,calibertiim@hugedomains.com,Female,C_04,H,1995,66640,Mauv
672,Emilia,Tams,etamsin@twitpic.com,Female,C_01,C,2001,47522,Green
673,Harland,Rivel,hrivelio@lycos.com,Male,C_07,H,2002,40540,Violet
674,Donnie,Klugman,dklugmanip@bandcamp.com,Female,C_02,J,1997,35325,Red
675,Tamera,Humbee,thumbeeiq@slashdot.org,Female,C_02,I,1985,55564,Green
676,Lilyan,Warrilow,lwarrilowir@photobucket.com,Female,C_01,F,2006,44227,Maroon
677,Petey,Hanway,phanwayis@mediafire.com,Male,C_01,G,2009,37772,Khaki
678,Gale,Milne,gmilneit@over-blog.com,Female,C_01,A,2007,15535,Pink
679,Lydon,Baldacchino,lbaldacchinoiu@webmd.com,Male,C_01,D,2006,68044,Aquamarine
680,Celinda,Kerley,ckerleyiv@privacy.gov.au,Female,C_04,C,1995,75633,Puce
681,Nerty,Oppie,noppieiw@sina.com.cn,Female,C_03,I,1990,32868,Aquamarine
682,Ezekiel,Mulvey,emulveyix@samsung.com,Male,C_06,D,2004,46752,Mauv
683,Levey,Brookz,lbrookziy@newyorker.com,Male,C_07,B,1994,63868,Fuscia
684,Correna,Giffon,cgiffoniz@goo.ne.jp,Female,C_07,A,1992,72963,Indigo
685,Livvy,Burnup,lburnupj0@blinklist.com,Female,C_06,D,1984,63797,Pink
686,Ethel,Lanchbery,elanchberyj1@biglobe.ne.jp,Female,C_06,E,1997,79068,Khaki
687,Gaylord,Blakeden,gblakedenj2@over-blog.com,Male,C_01,G,2006,67539,Pink
688,Erminie,Lunck,elunckj3@hostgator.com,Female,C_03,J,1984,31823,Fuscia
689,Myrle,Hubatsch,mhubatschj4@ning.com,Female,C_04,C,2009,39921,Pink
690,Dominica,Lambart,dlambartj5@studiopress.com,Female,C_04,D,1997,68448,Aquamarine
691,Symon,Salvage,ssalvagej6@123-reg.co.uk,Male,C_04,D,2010,19852,Purple
692,Arlyn,Camacho,acamachoj7@sfgate.com,Female,C_06,H,1997,79585,Blue
693,Lyell,Klemt,lklemtj8@tripadvisor.com,Male,C_02,E,1994,76128,Turquoise
694,Bobbi,Schnitter,bschnitterj9@comcast.net,Female,C_05,D,2008,39763,Teal
695,Susann,Bert,sbertja@dailymotion.com,Female,C_02,H,2005,71870,Aquamarine
696,Roxine,McGeachy,rmcgeachyjb@nhs.uk,Female,C_07,H,1989,33580,Puce
697,Tammy,Keymer,tkeymerjc@washingtonpost.com,Male,C_06,J,1994,71223,Red
698,Carolan,Planke,cplankejd@nifty.com,Female,C_04,D,2012,29048,Puce
699,Joyous,Teissier,jteissierje@addthis.com,Female,C_05,J,2011,20525,Purple
700,Shirley,Balbeck,sbalbeckjf@youku.com,Female,C_03,F,2001,56421,Maroon
701,Lydon,Hawthorn,lhawthornjg@timesonline.co.uk,Male,C_06,B,2009,74732,Goldenrod
702,Sid,Seston,ssestonjh@prweb.com,Male,C_02,B,2011,76981,Turquoise
703,Alvy,Trett,atrettji@plala.or.jp,Male,C_05,E,2003,59857,Puce
704,Odille,Gooday,ogoodayjj@weebly.com,Female,C_05,F,2000,35327,Khaki
705,Kimberley,Chatainier,kchatainierjk@wikia.com,Female,C_03,D,2001,70743,Turquoise
706,Cookie,O'Downe,codownejl@simplemachines.org,Female,C_05,J,2011,17371,Goldenrod
707,Roseann,Astill,rastilljm@hao123.com,Female,C_07,I,1998,40123,Teal
708,Pauly,Nehlsen,pnehlsenjn@sfgate.com,Female,C_06,J,1987,26076,Crimson
709,Roy,Arber,rarberjo@state.gov,Male,C_07,B,2012,60983,Pink
710,Langsdon,Cathery,lcatheryjp@i2i.jp,Male,C_01,B,1997,39378,Mauv
711,Aldin,Avramov,aavramovjq@bloglovin.com,Male,C_05,H,2005,23675,Teal
712,Allis,Kubal,akubaljr@java.com,Female,C_07,B,2008,59202,Aquamarine
713,Jacquenette,Boultwood,jboultwoodjs@elegantthemes.com,Female,C_03,B,2002,70306,Crimson
714,Homerus,Tersay,htersayjt@blinklist.com,Male,C_01,B,2011,29895,Crimson
715,Eldin,Beincken,ebeinckenju@aboutads.info,Male,C_03,H,2011,18452,Red
716,Marleen,Stallen,mstallenjv@comsenz.com,Female,C_07,G,1986,69600,Indigo
717,Marylynne,Basten,mbastenjw@mac.com,Female,C_04,C,2011,45670,Puce
718,Dorolisa,Banstead,dbansteadjx@theguardian.com,Female,C_06,C,2003,33120,Yellow
719,Vanessa,Gosden,vgosdenjy@discovery.com,Female,C_06,C,2001,70491,Purple
720,Morton,Lapides,mlapidesjz@blogtalkradio.com,Male,C_02,G,2003,28904,Maroon
721,Grier,Gallaway,ggallawayk0@linkedin.com,Female,C_04,G,2011,42096,Khaki
722,Fabio,Sanday,fsandayk1@godaddy.com,Male,C_06,C,2007,75172,Teal
723,Loydie,Goodby,lgoodbyk2@china.com.cn,Male,C_06,J,2002,65813,Blue
724,Lion,Peotz,lpeotzk3@washingtonpost.com,Male,C_03,D,1996,28330,Yellow
725,Betsy,Bradburn,bbradburnk4@youtube.com,Female,C_04,B,1992,47110,Indigo
726,Berny,Matysiak,bmatysiakk5@youtube.com,Female,C_07,C,1995,29184,Violet
727,Mortimer,Mileham,mmilehamk6@redcross.org,Male,C_02,F,1988,41830,Khaki
728,Inesita,Philipson,iphilipsonk7@mediafire.com,Female,C_07,E,2005,28717,Indigo
729,Lissie,Colqueran,lcolquerank8@ucoz.ru,Female,C_04,C,2012,61194,Yellow
730,Jenifer,Ostler,jostlerk9@scribd.com,Female,C_06,D,1996,25061,Crimson
731,Lyon,Gaines,lgaineska@bluehost.com,Male,C_05,F,1986,46919,Yellow
732,Bertrando,Raddish,braddishkb@yale.edu,Male,C_05,E,2011,15078,Aquamarine
733,Phillipp,Lassey,plasseykc@123-reg.co.uk,Male,C_04,A,2006,40863,Purple
734,Dag,Mordan,dmordankd@domainmarket.com,Male,C_03,H,1989,77810,Green
735,Tiphanie,Heigl,theiglke@weebly.com,Female,C_03,B,2010,47435,Teal
736,Yolanthe,Sheryn,ysherynkf@cloudflare.com,Female,C_07,B,1993,34115,Goldenrod
737,Hogan,Stone,hstonekg@dion.ne.jp,Male,C_04,G,2002,33351,Goldenrod
738,Juliana,Pignon,jpignonkh@mac.com,Female,C_07,E,1999,25967,Purple
739,Lexine,Beven,lbevenki@cafepress.com,Female,C_02,J,1999,28715,Fuscia
740,Fay,Josskovitz,fjosskovitzkj@jimdo.com,Female,C_07,I,1986,23312,Teal
741,Melania,Matkin,mmatkinkk@un.org,Female,C_02,I,2010,18406,Khaki
742,Andriana,Seabert,aseabertkl@google.fr,Female,C_03,B,1986,74224,Blue
743,Mateo,Brundall,mbrundallkm@bizjournals.com,Male,C_02,D,1997,64852,Teal
744,Teador,Stodd,tstoddkn@odnoklassniki.ru,Male,C_01,A,1999,79302,Fuscia
745,Codi,FitzGeorge,cfitzgeorgeko@naver.com,Female,C_03,G,2012,58935,Puce
746,Beatrice,Schellig,bschelligkp@yelp.com,Female,C_05,F,2010,28712,Turquoise
747,Wilmer,Jerzycowski,wjerzycowskikq@symantec.com,Male,C_02,D,1988,59775,Blue
748,Hermie,Shinfield,hshinfieldkr@rakuten.co.jp,Male,C_05,H,2005,40906,Puce
749,Merrili,Matthieson,mmatthiesonks@psu.edu,Female,C_06,B,1989,75910,Puce
750,Ailbert,Garralts,agarraltskt@ow.ly,Male,C_05,E,2001,46384,Fuscia
751,Sharline,Claypool,sclaypoolku@cdc.gov,Female,C_02,I,2006,27692,Maroon
752,Brenden,Chatelain,bchatelainkv@unesco.org,Male,C_03,J,2005,23095,Turquoise
753,Skye,Normanell,snormanellkw@google.it,Male,C_06,E,1997,69638,Indigo
754,Hendrik,Silby,hsilbykx@vk.com,Male,C_01,B,1999,30497,Red
755,Leigha,Armitage,larmitageky@cpanel.net,Female,C_03,F,1987,62626,Fuscia
756,Celka,Dooler,cdoolerkz@dagondesign.com,Female,C_06,I,2000,30419,Fuscia
757,Juli,Calbrathe,jcalbrathel0@vkontakte.ru,Female,C_01,C,2012,71459,Orange
758,Chico,Ronci,croncil1@jiathis.com,Male,C_06,F,2004,28198,Red
759,Eugenia,Coursor,ecoursorl2@scribd.com,Female,C_02,B,1992,30830,Goldenrod
760,Raquel,Zanotti,rzanottil3@opera.com,Female,C_01,A,1993,77397,Fuscia
761,Felic,Louch,flouchl4@trellian.com,Male,C_03,D,2002,77290,Goldenrod
762,Johan,Braidford,jbraidfordl5@intel.com,Male,C_06,E,1995,23805,Pink
763,Blayne,Littrik,blittrikl6@mac.com,Male,C_06,C,2012,74209,Khaki
764,Valentine,Zarfati,vzarfatil7@hibu.com,Female,C_01,H,1994,62624,Fuscia
765,Thea,Dunlap,tdunlapl8@ebay.com,Female,C_05,C,2000,50635,Yellow
766,Christian,Ransbury,cransburyl9@cocolog-nifty.com,Female,C_01,H,2009,66213,Crimson
767,Brianna,Hannabuss,bhannabussla@ocn.ne.jp,Female,C_02,J,2003,78067,Teal
768,Clementina,Welden,cweldenlb@netlog.com,Female,C_06,D,2011,48326,Khaki
769,Shelton,McBean,smcbeanlc@uol.com.br,Male,C_06,B,2013,58093,Purple
770,Norrie,Blaw,nblawld@sfgate.com,Male,C_06,F,2009,20329,Mauv
771,Annabella,Rey,areyle@cocolog-nifty.com,Female,C_01,C,2005,44957,Puce
772,Lishe,Beneteau,lbeneteaulf@cisco.com,Female,C_05,C,2010,58022,Purple
773,Levin,Hills,lhillslg@princeton.edu,Male,C_04,F,2008,51626,Maroon
774,Josee,Milillo,jmilillolh@forbes.com,Female,C_05,C,1992,63637,Teal
775,Micaela,Wyleman,mwylemanli@cisco.com,Female,C_05,G,1997,36757,Teal
776,Sawyere,Pendock,spendocklj@qq.com,Male,C_02,I,2000,19795,Orange
777,Dorey,Patise,dpatiselk@mac.com,Female,C_04,I,1992,53382,Pink
778,Filbert,Gilling,fgillingll@springer.com,Male,C_02,G,2011,47574,Turquoise
779,Viola,Jakeman,vjakemanlm@answers.com,Female,C_07,J,2001,32247,Khaki
780,Tobey,Bramstom,tbramstomln@cnn.com,Female,C_04,D,2008,65839,Maroon
781,Kari,Costy,kcostylo@51.la,Female,C_07,A,1993,50771,Purple
782,Amie,Boldry,aboldrylp@tmall.com,Female,C_06,D,1990,65568,Pink
783,Tobey,Splevins,tsplevinslq@tiny.cc,Female,C_01,G,1998,77831,Mauv
784,Jaquelyn,Abdee,jabdeelr@twitpic.com,Female,C_04,G,1993,28703,Puce
785,Pebrook,Mattes,pmattesls@yandex.ru,Male,C_06,E,2000,63020,Teal
786,Pammy,Ornillos,pornilloslt@nature.com,Female,C_05,C,2009,50418,Violet
787,Elliott,McHarry,emcharrylu@taobao.com,Male,C_07,I,1993,18963,Fuscia
788,Marcille,Biles,mbileslv@ucla.edu,Female,C_01,H,1996,29956,Blue
789,Roanne,Bohike,rbohikelw@google.ru,Female,C_02,J,2012,74167,Violet
790,Ida,Minty,imintylx@guardian.co.uk,Female,C_05,A,2012,53278,Purple
791,Sherlock,Tailby,stailbyly@issuu.com,Male,C_04,E,2011,47853,Maroon
792,Carlos,Botterell,cbotterelllz@dell.com,Male,C_06,C,2008,74497,Puce
793,Axel,Cantero,acanterom0@harvard.edu,Male,C_06,B,2012,35974,Mauv
794,Boothe,Drinnan,bdrinnanm1@smh.com.au,Male,C_03,G,2012,45032,Fuscia
795,Eileen,Perkinson,eperkinsonm2@cafepress.com,Female,C_04,B,1988,20020,Khaki
796,Lissie,Mowsley,lmowsleym3@berkeley.edu,Female,C_07,C,1988,77364,Puce
797,Felix,McKall,fmckallm4@ft.com,Male,C_04,G,1992,15523,Violet
798,Bria,Howland,bhowlandm5@google.com.br,Female,C_01,D,2002,70167,Red
799,Lettie,Davet,ldavetm6@aol.com,Female,C_04,F,2011,66028,Indigo
800,Jeanelle,McGreay,jmcgreaym7@cbsnews.com,Female,C_03,F,2011,50880,Puce
801,Errol,Spurdens,espurdensm8@bloglines.com,Male,C_06,E,2007,41180,Indigo
802,Carmela,Allaker,callakerm9@sbwire.com,Female,C_07,B,2001,41929,Khaki
803,Chauncey,Scruby,cscrubyma@cbc.ca,Male,C_01,A,2002,36585,Indigo
804,Priscilla,Estick,pestickmb@gnu.org,Female,C_07,J,1999,56680,Indigo
805,Margalo,Larroway,mlarrowaymc@odnoklassniki.ru,Female,C_04,A,2011,73449,Puce
806,Saunderson,Tamlett,stamlettmd@techcrunch.com,Male,C_01,B,1987,23773,Maroon
807,Raddy,Walak,rwalakme@businessweek.com,Male,C_03,I,1986,33341,Blue
808,Bobinette,Tax,btaxmf@free.fr,Female,C_01,B,2009,53339,Orange
809,Staci,Mc Gorley,smcgorleymg@hibu.com,Female,C_01,D,1995,30122,Pink
810,Ulick,Edridge,uedridgemh@oakley.com,Male,C_07,D,2010,55191,Red
811,Tana,Poznanski,tpoznanskimi@qq.com,Female,C_01,J,2003,17471,Red
812,Theressa,Curtain,tcurtainmj@nature.com,Female,C_04,A,1993,34293,Orange
813,Llewellyn,Fedorski,lfedorskimk@jiathis.com,Male,C_04,H,1994,45818,Orange
814,Torry,Wormleighton,twormleightonml@canalblog.com,Male,C_05,D,2007,15617,Pink
815,Lief,Ottey,lotteymm@bravesites.com,Male,C_02,F,2007,37581,Turquoise
816,Chrysa,Clemerson,cclemersonmn@csmonitor.com,Female,C_02,H,2003,47457,Pink
817,Lilllie,Christofides,lchristofidesmo@addtoany.com,Female,C_06,F,1991,53487,Mauv
818,Donica,Calvard,dcalvardmp@cornell.edu,Female,C_06,B,2006,72843,Mauv
819,Orran,Newiss,onewissmq@samsung.com,Male,C_05,D,2002,45157,Aquamarine
820,Nickolai,Trounson,ntrounsonmr@skyrock.com,Male,C_04,E,1993,74774,Khaki
821,Lula,O'Deoran,lodeoranms@weebly.com,Female,C_06,D,2001,74554,Purple
822,Kristos,Gryglewski,kgryglewskimt@wikipedia.org,Male,C_01,E,1993,63370,Blue
823,Mady,Hoggan,mhogganmu@about.me,Female,C_03,J,1991,74466,Orange
824,Timi,Wattins,twattinsmv@youtu.be,Female,C_02,C,2010,49579,Puce
825,Rubia,Percifull,rpercifullmw@si.edu,Female,C_07,H,1987,23829,Green
826,Lulita,Godsal,lgodsalmx@go.com,Female,C_01,G,2010,21844,Violet
827,Conny,Pollok,cpollokmy@skype.com,Female,C_06,A,1998,42014,Turquoise
828,Tabbie,Shanahan,tshanahanmz@admin.ch,Female,C_06,B,1993,59677,Purple
829,Joleen,Slany,jslanyn0@wunderground.com,Female,C_01,B,1996,29067,Fuscia
830,Warren,Billham,wbillhamn1@ucla.edu,Male,C_01,E,2001,53790,Maroon
831,Harmon,Hogben,hhogbenn2@microsoft.com,Male,C_06,A,2011,69954,Fuscia
832,Danit,Keen,dkeenn3@paypal.com,Female,C_04,I,2004,56605,Khaki
833,Sancho,Daintier,sdaintiern4@sciencedaily.com,Male,C_04,J,2006,66582,Red
834,Elke,Stendall,estendalln5@opensource.org,Female,C_02,C,2000,76664,Goldenrod
835,Shell,Barstow,sbarstown6@surveymonkey.com,Male,C_02,B,2002,39037,Crimson
836,Robina,Garrish,rgarrishn7@sohu.com,Female,C_01,C,2009,50938,Puce
837,Brina,Hathway,bhathwayn8@guardian.co.uk,Female,C_03,A,2004,38957,Fuscia
838,Sydelle,Alvaro,salvaron9@prlog.org,Female,C_07,F,2002,62608,Purple
839,Martainn,Clewarth,mclewarthna@e-recht24.de,Male,C_06,C,2011,64588,Blue
840,Skelly,Hardstaff,shardstaffnb@bluehost.com,Male,C_06,G,1989,59428,Aquamarine
841,Estell,Lipprose,elipprosenc@etsy.com,Female,C_04,B,2012,26504,Violet
842,Anabella,Disbrey,adisbreynd@sitemeter.com,Female,C_07,G,1985,69065,Pink
843,Claresta,Fillery,cfilleryne@liveinternet.ru,Female,C_07,F,2004,44702,Pink
844,Michaela,De Lorenzo,mdelorenzonf@pcworld.com,Female,C_06,D,1993,55541,Orange
845,Elfrieda,Malins,emalinsng@drupal.org,Female,C_05,E,2009,27452,Turquoise
846,Abby,Westbury,awestburynh@infoseek.co.jp,Male,C_02,J,1990,23103,Yellow
847,Cooper,Roloff,croloffni@tumblr.com,Male,C_04,A,2006,79812,Aquamarine
848,Godfry,Tomaszewski,gtomaszewskinj@t.co,Male,C_03,F,1993,73443,Violet
849,Jeramey,Trower,jtrowernk@nsw.gov.au,Male,C_07,D,2011,33711,Orange
850,Mateo,Bennen,mbennennl@java.com,Male,C_01,I,2013,39319,Puce
851,Floria,Semrad,fsemradnm@mail.ru,Female,C_01,I,2005,72685,Aquamarine
852,Will,Eggleton,weggletonnn@senate.gov,Male,C_05,F,2012,30338,Fuscia
853,Hobard,Galfour,hgalfourno@google.pl,Male,C_06,C,2008,24562,Goldenrod
854,Josias,Belz,jbelznp@wix.com,Male,C_07,J,2008,23399,Purple
855,Delly,Stedson,dstedsonnq@scientificamerican.com,Female,C_04,F,1987,68535,Teal
856,Roseanne,Ferier,rferiernr@ihg.com,Female,C_04,H,1995,38179,Yellow
857,Paulo,Wheater,pwheaterns@skype.com,Male,C_03,E,1992,70721,Green
858,Bryon,Kilpatrick,bkilpatricknt@upenn.edu,Male,C_05,B,2004,56390,Red
859,Town,Owenson,towensonnu@kickstarter.com,Male,C_02,A,2008,40393,Mauv
860,Berna,Yerby,byerbynv@economist.com,Female,C_06,A,2005,22260,Green
861,Britte,Stedall,bstedallnw@adobe.com,Female,C_03,H,2001,23652,Yellow
862,Brady,Hecks,bhecksnx@ucoz.com,Male,C_03,B,2009,25816,Teal
863,Missie,Wernher,mwernherny@europa.eu,Female,C_01,J,2009,59213,Turquoise
864,Leontyne,Foote,lfootenz@is.gd,Female,C_04,J,2004,66978,Turquoise
865,Fae,Harp,fharpo0@mlb.com,Female,C_06,D,1995,31894,Maroon
866,Emmye,Koubu,ekoubuo1@economist.com,Female,C_06,F,1962,29740,Mauv
867,Wyatan,Crannis,wcranniso2@admin.ch,Male,C_07,C,1986,26424,Orange
868,Abbe,Titcomb,atitcombo3@odnoklassniki.ru,Male,C_01,F,2006,60314,Teal
869,Friedrick,Wych,fwycho4@arizona.edu,Male,C_06,C,2006,25479,Goldenrod
870,Verile,Bowater,vbowatero5@nih.gov,Female,C_02,J,2009,41416,Pink
871,Dodie,Lidyard,dlidyardo6@redcross.org,Female,C_07,J,2007,70729,Green
872,Manya,De Filippi,mdefilippio7@prweb.com,Female,C_02,D,2006,58525,Puce
873,Klaus,Jouhning,kjouhningo8@hostgator.com,Male,C_06,B,2005,59245,Purple
874,Retha,Philippet,rphilippeto9@fema.gov,Female,C_02,D,2007,57493,Violet
875,Kelsi,Carrel,kcarreloa@histats.com,Female,C_05,I,2009,65608,Aquamarine
876,Sax,Dubery,sduberyob@furl.net,Male,C_03,J,2012,67805,Turquoise
877,Antonin,Seacroft,aseacroftoc@tamu.edu,Male,C_01,A,1986,76043,Red
878,Jeannie,Boichat,jboichatod@businesswire.com,Female,C_02,E,2012,69560,Indigo
879,Remus,Jayne,rjayneoe@github.com,Male,C_02,H,2011,53408,Purple
880,Itch,Jordon,ijordonof@bigcartel.com,Male,C_03,C,2004,18195,Violet
881,Frankie,Raffin,fraffinog@mayoclinic.com,Male,C_04,A,2004,53541,Turquoise
882,Gretal,Joseff,gjoseffoh@washingtonpost.com,Female,C_06,C,2004,35472,Indigo
883,Oona,Naire,onaireoi@sfgate.com,Female,C_07,G,1993,64346,Indigo
884,Ginni,Tebbett,gtebbettoj@timesonline.co.uk,Female,C_04,E,2001,24924,Indigo
885,Kingston,Demkowicz,kdemkowiczok@cisco.com,Male,C_06,J,2008,70663,Mauv
886,Shalna,Mawd,smawdol@fastcompany.com,Female,C_05,G,1994,74068,Puce
887,Cale,Stanney,cstanneyom@hatena.ne.jp,Male,C_02,D,2011,26467,Maroon
888,Cara,Medina,cmedinaon@networksolutions.com,Female,C_03,J,1992,49877,Mauv
889,Blanche,Jerrand,bjerrandoo@twitter.com,Female,C_07,J,2003,20016,Khaki
890,Lorri,Blaszczak,lblaszczakop@hc360.com,Female,C_06,D,1993,57487,Puce
891,Vivyan,Markwell,vmarkwelloq@about.me,Female,C_02,H,1992,52644,Purple
892,Kalindi,Breen,kbreenor@godaddy.com,Female,C_04,F,2012,28517,Teal
893,Niki,Pottiphar,npottipharos@blogtalkradio.com,Male,C_04,J,1992,46963,Crimson
894,Thia,Lamborn,tlambornot@dot.gov,Female,C_06,F,2004,64100,Indigo
895,Casey,King,ckingou@facebook.com,Male,C_01,B,2005,17824,Pink
896,Douglass,Jeffery,djefferyov@cbsnews.com,Male,C_03,G,2000,17503,Red
897,Nari,Booij,nbooijow@seattletimes.com,Female,C_07,I,2000,49095,Maroon
898,Juan,Morse,jmorseox@nba.com,Male,C_06,H,1998,71736,Aquamarine
899,Agnella,Reeson,areesonoy@bluehost.com,Female,C_04,H,1995,31364,Blue
900,Gwenny,Jikylls,gjikyllsoz@yahoo.co.jp,Female,C_01,D,2002,43380,Green
901,Morty,Morkham,mmorkhamp0@gmpg.org,Male,C_06,D,2000,73994,Turquoise
902,Guenevere,Shout,gshoutp1@edublogs.org,Female,C_01,E,2001,75316,Indigo
903,Jaimie,Swansbury,jswansburyp2@seesaa.net,Female,C_05,E,1988,34290,Turquoise
904,Saxe,Hove,shovep3@vistaprint.com,Male,C_04,B,2001,30250,Puce
905,Dew,Andriessen,dandriessenp4@instagram.com,Male,C_02,H,1996,52852,Mauv
906,Malinda,Piell,mpiellp5@intel.com,Female,C_04,F,1993,61409,Maroon
907,Ainslie,Vaggers,avaggersp6@spiegel.de,Female,C_06,A,2006,64336,Red
908,Ivett,Goodfield,igoodfieldp7@theguardian.com,Female,C_06,H,1997,64447,Goldenrod
909,Gawen,Rosgen,grosgenp8@addthis.com,Male,C_02,F,2007,15418,Goldenrod
910,Zenia,Paradyce,zparadycep9@dot.gov,Female,C_06,C,2006,17331,Pink
911,Kym,Ginty,kgintypa@cdc.gov,Female,C_05,E,2002,18405,Teal
912,Fields,Sammars,fsammarspb@nifty.com,Male,C_04,F,2012,18584,Puce
913,Jehu,Hopkyns,jhopkynspc@homestead.com,Male,C_06,B,2011,62029,Puce
914,Dominik,Batalle,dbatallepd@cnet.com,Male,C_05,B,1985,72879,Puce
915,Carmelle,Mayer,cmayerpe@ocn.ne.jp,Female,C_07,G,2007,18724,Indigo
916,Jodie,Saltman,jsaltmanpf@imageshack.us,Female,C_06,J,2007,44331,Violet
917,Avie,Oliveira,aoliveirapg@youtube.com,Female,C_03,H,2006,79765,Blue
918,Amery,Leftridge,aleftridgeph@imgur.com,Male,C_04,B,1998,27889,Aquamarine
919,Jacqueline,Gerrietz,jgerrietzpi@boston.com,Female,C_02,C,1988,17021,Yellow
920,Davey,Yitzovitz,dyitzovitzpj@shareasale.com,Male,C_05,B,1973,69730,Khaki
921,Hogan,Van Der Weedenburg,hvanderweedenburgpk@altervista.org,Male,C_03,H,1993,46580,Goldenrod
922,Bobbe,Bliven,bblivenpl@goodreads.com,Female,C_07,H,1985,48703,Mauv
923,Errol,Behn,ebehnpm@istockphoto.com,Male,C_01,A,1995,35643,Pink
924,Elston,Sturridge,esturridgepn@theatlantic.com,Male,C_02,G,2008,49454,Pink
925,Melly,Barry,mbarrypo@facebook.com,Female,C_03,C,2010,66285,Green
926,Hermine,Riordan,hriordanpp@geocities.com,Female,C_04,C,2005,57757,Mauv
927,Arluene,Marriage,amarriagepq@blogs.com,Female,C_03,I,1996,41605,Puce
928,Jayson,Burstow,jburstowpr@java.com,Male,C_01,D,2000,54988,Red
929,Tammi,Doldon,tdoldonps@surveymonkey.com,Female,C_06,I,1993,58838,Pink
930,Temp,Bolstridge,tbolstridgept@ustream.tv,Male,C_01,I,2008,53699,Yellow
931,Bertrando,Heathwood,bheathwoodpu@yellowbook.com,Male,C_05,I,2007,65363,Aquamarine
932,Isadore,Piddle,ipiddlepv@netscape.com,Male,C_02,E,1989,27814,Puce
933,Brita,Scinelli,bscinellipw@tuttocitta.it,Female,C_01,D,2012,44779,Teal
934,Artemus,Iacovucci,aiacovuccipx@goo.ne.jp,Male,C_07,H,2001,21886,Orange
935,Herb,Teather,hteatherpy@amazon.de,Male,C_02,E,2009,45478,Puce
936,Stephi,Stephen,sstephenpz@baidu.com,Female,C_03,C,2013,54052,Pink
937,Elsworth,Dakhno,edakhnoq0@bigcartel.com,Male,C_07,I,1998,25083,Green
938,Holden,Nasi,hnasiq1@forbes.com,Male,C_05,E,2007,37425,Pink
939,Dorothea,Pedder,dpedderq2@cam.ac.uk,Female,C_01,D,1996,23890,Green
940,Howie,Clement,hclementq3@guardian.co.uk,Male,C_04,C,1992,38996,Khaki
941,Hubert,Attwell,hattwellq4@addtoany.com,Male,C_07,A,1999,68744,Crimson
942,Syman,Pettersen,spettersenq5@ihg.com,Male,C_04,D,1998,23191,Crimson
943,Mano,Jarville,mjarvilleq6@cbslocal.com,Male,C_01,J,1992,33890,Goldenrod
944,Pansie,Vinck,pvinckq7@plala.or.jp,Female,C_06,H,2008,31727,Blue
945,Arman,Bursnall,abursnallq8@artisteer.com,Male,C_05,C,1986,19559,Orange
946,Karin,Rosellini,kroselliniq9@geocities.com,Female,C_03,H,1997,29216,Yellow
947,Tallie,Harle,tharleqa@cafepress.com,Male,C_05,E,2012,53502,Blue
948,Agna,Nerheny,anerhenyqb@ft.com,Female,C_06,F,2012,44526,Puce
949,Melisande,Heino,mheinoqc@lulu.com,Female,C_01,B,2009,16778,Puce
950,Jayson,Seide,jseideqd@histats.com,Male,C_05,F,1984,38216,Red
951,Gearalt,Pagden,gpagdenqe@blogger.com,Male,C_03,C,2004,57632,Yellow
952,Pate,Boshell,pboshellqf@godaddy.com,Male,C_07,F,1985,60928,Blue
953,Sissie,Jills,sjillsqg@php.net,Female,C_06,J,2011,72500,Pink
954,Stern,Gurnell,sgurnellqh@engadget.com,Male,C_01,H,2003,31593,Mauv
955,Roby,Rentz,rrentzqi@typepad.com,Female,C_07,J,2004,56170,Purple
956,Ryan,Beauly,rbeaulyqj@nyu.edu,Male,C_07,A,2009,64549,Aquamarine
957,Berni,Arnke,barnkeqk@umn.edu,Female,C_05,I,2003,19694,Yellow
958,Nanette,Piddick,npiddickql@xinhuanet.com,Female,C_03,H,2008,76528,Fuscia
959,Brockie,Snoxell,bsnoxellqm@princeton.edu,Male,C_03,B,2008,69868,Fuscia
960,Alastair,Fargie,afargieqn@over-blog.com,Male,C_05,C,2013,71814,Teal
961,Annabella,Durgan,adurganqo@acquirethisname.com,Female,C_07,H,1998,43511,Khaki
962,Carr,Oddboy,coddboyqp@guardian.co.uk,Male,C_04,B,2002,62514,Mauv
963,Dilly,Hoodlass,dhoodlassqq@so-net.ne.jp,Male,C_01,E,2004,76441,Purple
964,Myrwyn,Le Count,mlecountqr@webnode.com,Male,C_05,E,2003,35281,Khaki
965,Allie,Bingham,abinghamqs@imdb.com,Female,C_07,E,1992,54770,Orange
966,Armstrong,Assinder,aassinderqt@dion.ne.jp,Male,C_03,B,2005,77461,Purple
967,Rochell,Garrity,rgarrityqu@hud.gov,Female,C_01,J,2010,71264,Goldenrod
968,Immanuel,Caldecott,icaldecottqv@ihg.com,Male,C_04,I,2011,76638,Turquoise
969,Jecho,Coen,jcoenqw@theatlantic.com,Male,C_07,G,2000,69407,Crimson
970,Britt,Ubanks,bubanksqx@google.co.jp,Male,C_02,A,1994,69704,Pink
971,Estevan,Streeter,estreeterqy@webeden.co.uk,Male,C_05,H,1988,79922,Goldenrod
972,Wolfie,Linbohm,wlinbohmqz@cloudflare.com,Male,C_03,F,1993,37704,Mauv
973,Hugues,Baigrie,hbaigrier0@youtube.com,Male,C_05,H,1996,61221,Teal
974,Andrus,Pavel,apavelr1@devhub.com,Male,C_07,G,2008,46423,Blue
975,Yalonda,Canny,ycannyr2@google.co.jp,Female,C_05,D,2000,53865,Blue
976,Ailina,Roset,arosetr3@tumblr.com,Female,C_03,A,2002,76510,Yellow
977,Agustin,Louis,alouisr4@liveinternet.ru,Male,C_01,G,2012,40523,Purple
978,Othilie,Lamborn,olambornr5@nymag.com,Female,C_07,C,1999,58686,Green
979,Kaylil,Winfindine,kwinfindiner6@ning.com,Female,C_06,J,2007,25028,Maroon
980,Ami,Djordjevic,adjordjevicr7@un.org,Female,C_02,C,1986,20651,Violet
981,Venita,Wooffinden,vwooffindenr8@jimdo.com,Female,C_06,A,1962,30179,Mauv
982,Leanor,Gregorowicz,lgregorowiczr9@cnn.com,Female,C_04,D,2007,42886,Orange
983,Marlin,Hildrew,mhildrewra@barnesandnoble.com,Male,C_03,G,1993,26356,Turquoise
984,Crystal,Gawke,cgawkerb@netlog.com,Female,C_06,C,2000,61120,Pink
985,Kingsly,O'Malley,komalleyrc@de.vu,Male,C_04,J,2000,30991,Crimson
986,Constantina,Alyukin,calyukinrd@meetup.com,Female,C_03,I,1993,41475,Turquoise
987,Vivyanne,Betty,vbettyre@spotify.com,Female,C_06,G,2003,63798,Mauv
988,Tony,Ginn,tginnrf@51.la,Female,C_01,H,2001,20179,Turquoise
989,Silvan,Conrad,sconradrg@wikia.com,Male,C_03,A,2007,55052,Green
990,Timmy,Coopper,tcoopperrh@blog.com,Female,C_01,G,1994,46576,Purple
991,Kane,Gatland,kgatlandri@howstuffworks.com,Male,C_04,B,1995,24918,Green
992,Alric,Franseco,afransecorj@delicious.com,Male,C_06,I,1983,20322,Violet
993,Margareta,Trevon,mtrevonrk@bbb.org,Female,C_02,B,1995,62233,Pink
994,Daphna,Aronsohn,daronsohnrl@google.es,Female,C_07,H,1996,20968,Violet
995,Skelly,Shiel,sshielrm@smugmug.com,Male,C_06,I,1995,72203,Blue
996,Perice,Althorpe,palthorpern@imdb.com,Male,C_03,D,2010,29193,Violet
997,Gerladina,Boutcher,gboutcherro@mysql.com,Female,C_04,J,2003,45108,Turquoise
998,Maurice,Shawell,mshawellrp@dropbox.com,Male,C_02,D,2003,16074,Khaki
999,Yovonnda,Matthai,ymatthairq@ifeng.com,Female,C_07,C,2013,28008,Yellow
1000,Serge,Labusquiere,slabusquiererr@google.com.au,Male,C_07,E,1996,55910,Teal
